Date,close,volume,sentiment_sector,sentiment_direct_PLX
2020-03-18,34.85,880510.0,0.2925112311107417,0.0
2020-03-19,33.19,510280.0,-0.23902148976922039,0.0
2020-03-20,33.61,381290.0,0.12750187385827302,0.0
2020-03-21,33.61,381290.0,-0.21990685102840257,0.0
2020-03-22,33.61,381290.0,-0.45203415071591735,0.0
2020-03-23,31.29,585750.0,-0.49065508099738514,0.0
2020-03-24,31.04,1147220.0,-0.14800761453807362,0.0
2020-03-25,33.19,469810.0,0.6969823550898582,0.0
2020-03-26,32.65,418920.0,0.2193122543394566,0.0
2020-03-27,32.7,713230.0,0.35421187710016966,0.0
2020-03-28,32.7,713230.0,-0.925115934573114,0.0
2020-03-29,32.7,713230.0,-0.44321775250136847,0.0
2020-03-30,31.21,728950.0,-0.5582938120700419,0.0
2020-03-31,31.82,383160.0,0.4036477129440755,0.0
2020-04-01,33.92,595360.0,0.6371517938096076,0.0
2020-04-02,33.92,595360.0,-0.16603041265625507,0.0
2020-04-03,34.79,851510.0,0.6688545513432473,0.0
2020-04-04,34.79,851510.0,0.2796262804418802,0.0
2020-04-05,34.79,851510.0,-0.3204933729333183,0.0
2020-04-06,34.96,1924660.0,0.4375779905822128,-0.8666253946721554
2020-04-07,33.87,1194700.0,0.0,0.0
2020-04-08,33.48,941540.0,-0.18062734763537128,0.0
2020-04-09,34.87,1936030.0,-0.23366396334022282,0.0
2020-04-10,35.53,1638300.0,0.349835574394092,0.0
2020-04-11,35.53,1638300.0,0.0,0.0
2020-04-12,35.53,1638300.0,0.6920447889715433,0.0
2020-04-13,35.18,1328310.0,0.6111594075337052,0.0
2020-04-14,34.53,1122090.0,0.37331052187697156,0.0
2020-04-15,34.79,1210150.0,0.6944129542292407,0.0
2020-04-16,35.75,1953570.0,0.3141787303611636,0.0
2020-04-17,36.1,1594470.0,0.49905751040205365,0.0
2020-04-18,36.1,1594470.0,0.30218045103053265,0.0
2020-04-19,36.1,1594470.0,0.246185452863574,0.0
2020-04-20,38.27,2466850.0,0.1779267355385754,0.0
2020-04-21,35.62,2649020.0,0.0,0.0
2020-04-22,35.48,1125610.0,0.0,0.0
2020-04-23,35.48,1233190.0,0.0,0.0
2020-04-24,36.05,1094050.0,0.0,0.0
2020-04-25,36.05,1094050.0,0.0,0.0
2020-04-26,36.05,1094050.0,0.0,0.0
2020-04-27,35.05,1102230.0,0.0,0.0
2020-04-28,34.61,1226410.0,0.0,0.0
2020-04-29,35.14,707440.0,0.6066321898251773,0.0
2020-04-30,35.14,707440.0,0.7260098289698363,0.0
2020-05-01,35.14,707440.0,-0.6160486126318574,-0.9780399575829506
2020-05-02,35.14,707440.0,-0.05112495748326179,0.0
2020-05-03,35.14,707440.0,0.2573537528514862,0.0
2020-05-04,34.96,883050.0,0.018596143170725582,-0.9802379035390913
2020-05-05,35.22,545090.0,0.08203696078536188,0.0
2020-05-06,36.57,1700870.0,0.3763450703583658,0.0
2020-05-07,36.66,1269830.0,0.4811418723935882,0.0
2020-05-08,38.19,2375610.0,0.5528697267485162,0.0
2020-05-09,38.19,2375610.0,0.4743139627389611,0.0
2020-05-10,38.19,2375610.0,0.9409834477119149,0.0
2020-05-11,38.62,1344010.0,0.5951577371452004,0.0
2020-05-12,39.71,1799500.0,0.5992904957383872,0.0
2020-05-13,39.8,1755200.0,0.3446699429303408,0.0
2020-05-14,39.76,995730.0,-0.1712932327762246,0.0
2020-05-15,38.8,1240110.0,-0.18955833953805268,0.0
2020-05-16,38.8,1240110.0,0.3836126777653893,0.0
2020-05-17,38.8,1240110.0,0.2666847007349133,0.0
2020-05-18,39.54,851610.0,0.48378938032935065,0.0
2020-05-19,40.8,1378600.0,0.2090786998160183,0.0
2020-05-20,40.85,738990.0,-0.04797754964480799,0.0
2020-05-21,40.98,1019750.0,0.5481812652821342,0.0
2020-05-22,40.45,795930.0,0.19178743256876868,-0.48380567878484726
2020-05-23,40.45,795930.0,0.5303516540443526,0.0
2020-05-24,40.45,795930.0,-0.023805432021617903,0.0
2020-05-25,40.41,625220.0,0.3767350561295947,0.0
2020-05-26,40.89,626270.0,-0.059215482634802585,0.0
2020-05-27,40.89,958690.0,-0.10393734835088259,0.0
2020-05-28,40.8,458950.0,-0.1493152850307524,0.0
2020-05-29,40.24,806010.0,0.2855816778416434,0.0
2020-05-30,40.24,806010.0,0.0,0.0
2020-05-31,40.24,806010.0,0.9200713597238064,0.0
2020-06-01,40.37,817190.0,0.32625851720305427,-0.9710299680009484
2020-06-02,40.45,1306180.0,-0.050666379043832394,0.0
2020-06-03,40.72,508870.0,0.3917863899065803,0.0
2020-06-04,41.11,868580.0,0.0,0.0
2020-06-05,40.98,586880.0,0.6178165421588347,0.0
2020-06-06,40.98,586880.0,-0.1413503695512191,0.0
2020-06-07,40.98,586880.0,0.35462573977808165,0.0
2020-06-08,41.85,1541960.0,0.547131158101062,0.0
2020-06-09,41.5,670760.0,0.3112347321584821,0.0
2020-06-10,41.59,690860.0,0.4183888293337077,0.0
2020-06-11,38.71,997810.0,-0.4040473494678736,0.0
2020-06-12,39.41,1063220.0,0.03331990912556651,0.0
2020-06-13,39.41,1063220.0,-0.9081326080486178,0.0
2020-06-14,39.41,1063220.0,-0.32572533531735337,0.0
2020-06-15,38.36,638070.0,-0.012581848578217147,0.0
2020-06-16,38.62,1056690.0,0.16061498317867529,0.0
2020-06-17,39.89,2149680.0,0.29567695021008444,0.0
2020-06-18,40.72,1266690.0,0.11900486540980637,-0.9764499710872769
2020-06-19,40.11,1795970.0,0.6752606462687255,0.0
2020-06-20,40.11,1795970.0,0.5040248958393931,0.0
2020-06-21,40.11,1795970.0,-0.9500485751777888,0.0
2020-06-22,40.11,1997120.0,0.46490204939618707,0.0
2020-06-23,40.32,2106770.0,-0.18734378068308752,0.0
2020-06-24,40.02,1882350.0,0.445324641885236,0.0
2020-06-25,39.97,1579880.0,0.49061980303376923,0.0
2020-06-26,39.93,1794130.0,0.0,-0.18901638686656952
2020-06-27,39.93,1794130.0,-0.3135228962637485,0.0
2020-06-28,39.93,1794130.0,0.2063742689788341,0.0
2020-06-29,38.8,2141710.0,-0.946439397521317,0.0
2020-06-30,38.8,1473030.0,-0.5277887928920488,0.0
2020-07-01,39.32,1510610.0,0.7757775792852044,0.681105425581336
2020-07-02,39.67,1347150.0,-0.05493901359538239,0.0
2020-07-03,40.06,599290.0,0.1468762867152691,0.5870993230491877
2020-07-04,40.06,599290.0,0.6141850841231644,0.0
2020-07-05,40.06,599290.0,0.0,0.0
2020-07-06,40.45,810350.0,-0.916101545095444,-0.9161015450954437
2020-07-07,40.54,583010.0,0.301920751730601,0.0
2020-07-08,40.54,467240.0,0.09869110921863472,0.0
2020-07-09,40.59,678930.0,0.09831307828426361,0.0
2020-07-10,40.41,340000.0,0.18708152696490288,0.0
2020-07-11,40.41,340000.0,0.36823132199545705,0.0
2020-07-12,40.41,340000.0,0.049394773940245384,0.17103870958089828
2020-07-13,40.45,580920.0,0.2294253264844883,0.0
2020-07-14,40.45,425960.0,0.10533890873193741,0.0
2020-07-15,40.5,468770.0,0.29353261087089777,0.0
2020-07-16,40.85,878460.0,-0.04613305884413421,0.0
2020-07-17,41.41,1335770.0,0.9078552620485425,0.0
2020-07-18,41.41,1335770.0,0.0,0.0
2020-07-19,41.41,1335770.0,0.020455366931855734,0.0
2020-07-20,40.45,574960.0,0.008167927360369087,0.0
2020-07-21,40.02,439810.0,0.1300976711325348,0.0
2020-07-22,39.5,720410.0,0.4310687904556593,0.0
2020-07-23,40.11,368860.0,0.15342599526047704,0.0
2020-07-24,39.58,876920.0,0.31138151897383587,0.0
2020-07-25,39.58,876920.0,0.03195347636938091,0.0
2020-07-26,39.58,876920.0,-0.19032309142251808,0.0
2020-07-27,36.84,1119400.0,0.2855845436764261,0.0
2020-07-28,38.01,552420.0,0.3769187242724002,0.0
2020-07-29,36.23,399820.0,0.45447337720543146,0.0
2020-07-30,36.79,173730.0,0.09504888206720352,0.0
2020-07-31,36.79,359580.0,0.2878743298351765,0.0
2020-08-01,36.79,359580.0,0.2688257893547416,0.0
2020-08-02,36.79,359580.0,-0.042292021214962006,0.0
2020-08-03,38.14,528550.0,-0.4447782950010152,0.0
2020-08-04,38.8,382000.0,0.1564914912783674,0.0
2020-08-05,38.75,234150.0,0.0409341198392212,0.0
2020-08-06,38.89,432920.0,-0.2192504999693483,-0.6151480674743652
2020-08-07,38.89,221640.0,0.46255518496036535,0.0
2020-08-08,38.89,221640.0,0.3535318057984114,0.0
2020-08-09,38.89,221640.0,0.9316522316075861,0.0
2020-08-10,39.41,310330.0,0.7475136457942427,0.0
2020-08-11,39.84,549990.0,0.14774851563076177,0.0
2020-08-12,40.54,660600.0,0.7758565619587899,0.0
2020-08-13,40.63,380300.0,0.024133667722344376,0.0
2020-08-14,40.63,509440.0,0.4485481809824705,0.0
2020-08-15,40.63,509440.0,0.0,0.0
2020-08-16,40.63,509440.0,0.0,0.0
2020-08-17,40.28,225870.0,0.15463992208242408,0.0
2020-08-18,40.15,88390.0,0.3618511017411948,0.0
2020-08-19,40.98,562910.0,0.4078867346048356,0.0
2020-08-20,40.41,429540.0,0.050285866484045996,0.0
2020-08-21,40.59,548520.0,0.519410014152527,0.0
2020-08-22,40.59,548520.0,0.3709367970004678,0.0
2020-08-23,40.59,548520.0,0.0,0.0
2020-08-24,42.29,1037310.0,0.0,0.0
2020-08-25,43.94,1227490.0,0.0,0.11460410803556442
2020-08-26,44.81,1298440.0,0.4675727832363919,0.0
2020-08-27,46.03,3326890.0,0.5606481097638607,0.0
2020-08-28,45.6,3804130.0,0.1719017943056921,0.0
2020-08-29,45.6,3804130.0,0.5299950144253671,0.0
2020-08-30,45.6,3804130.0,0.0,0.0
2020-08-31,45.77,3631670.0,0.44939746602904057,0.6375430468469858
2020-09-01,46.12,2076920.0,0.30318101542070514,0.011440135538578033
2020-09-02,46.12,2076920.0,0.7201179671101272,0.0
2020-09-03,46.3,2055830.0,0.4072482069540354,0.06524548307061195
2020-09-04,45.85,2920060.0,0.394314250559546,0.0
2020-09-05,45.85,2920060.0,0.9191503035835923,0.0
2020-09-06,45.85,2920060.0,0.0,0.0
2020-09-07,45.41,2220460.0,-0.2157030142843723,0.0
2020-09-08,45.5,1444420.0,0.2991233235225082,0.0
2020-09-09,45.23,1610170.0,0.3587511871010065,0.0
2020-09-10,44.52,1510640.0,0.0,0.0
2020-09-11,44.17,1431590.0,0.2220922964625061,0.0
2020-09-12,44.17,1431590.0,0.7757126595824958,0.0
2020-09-13,44.17,1431590.0,-0.3368586115539074,0.0
2020-09-14,44.26,1309320.0,0.7797679521609099,0.0
2020-09-15,43.99,1658590.0,0.5712234247475863,0.0
2020-09-16,45.14000000000001,221840.0,0.49357417008529114,0.0
2020-09-17,44.43,210810.0,0.30186806991696363,0.0
2020-09-18,44.79,518560.0,0.4492687641953428,0.0
2020-09-19,44.79,518560.0,0.3785175119216244,0.0
2020-09-20,44.79,518560.0,0.0,0.0
2020-09-21,45.06,473020.0,0.35828723972663284,0.0
2020-09-22,44.79,170700.0,0.3100516489939764,0.0
2020-09-23,45.85,583370.0,0.0,0.0
2020-09-24,45.94,273970.0,0.23253575700800871,0.0
2020-09-25,45.85,178820.0,-0.08995756041258571,0.0
2020-09-26,45.85,178820.0,0.5323839941993356,0.5673876013606787
2020-09-27,45.85,178820.0,0.6404625152548155,0.13804098591208458
2020-09-28,45.59,177110.0,0.46740113079015705,0.0
2020-09-29,44.97,244710.0,-0.03308000415563578,0.0
2020-09-30,44.70000000000001,178430.0,0.7442247230404367,0.0
2020-10-01,45.14000000000001,145990.0,0.7252008786114554,0.0
2020-10-02,44.97,232550.0,0.13439540691777238,0.0
2020-10-03,44.97,232550.0,0.6730087407631801,0.0
2020-10-04,44.97,232550.0,0.14670046232640752,0.0
2020-10-05,44.60999999999999,256340.0,0.6368804751740148,0.0
2020-10-06,44.61,245460.0,0.5246238741757615,0.0
2020-10-07,44.34,485060.0,0.059579449519515076,0.0
2020-10-08,44.26,137770.0,0.47944550588727003,0.0
2020-10-09,44.21,218150.0,0.4638548009097576,0.0
2020-10-10,44.21,218150.0,0.4434340689331293,0.0
2020-10-11,44.21,218150.0,0.7075627511367202,0.0
2020-10-12,43.85999999999999,282010.0,0.5417066688338916,0.0
2020-10-13,43.85999999999999,167150.0,0.4966983518873653,0.0
2020-10-14,43.99,678810.0,0.6328237750567497,0.0
2020-10-15,44.26,460270.0,0.3635904742404819,0.0
2020-10-16,44.39000000000001,251320.0,0.47718901614037657,0.0
2020-10-17,44.39,251320.0,0.7465780545026065,0.0
2020-10-18,44.39000000000001,251320.0,0.3579460289329291,0.0
2020-10-19,43.85999999999999,678150.0,0.5026794419779133,0.0
2020-10-20,43.63,571730.0,-0.07547688238056638,0.0
2020-10-21,43.46,287910.0,0.39475521435961125,0.0
2020-10-22,43.9,179460.0,0.26121246127877384,0.0
2020-10-23,43.99,238360.0,0.0,0.0
2020-10-24,43.99,238360.0,0.0,0.0
2020-10-25,43.99,238360.0,0.22536604981869462,0.0
2020-10-26,44.43,266000.0,-0.43220359832048416,0.0
2020-10-27,43.9,163610.0,-0.19488206915557382,0.0
2020-10-28,42.21,247080.0,0.2965964619070292,0.0
2020-10-29,42.83,211090.0,0.0,0.0
2020-10-30,43.54,523960.0,0.3770044574436422,0.0
2020-10-31,43.54,523960.0,0.0,0.0
2020-11-01,43.54,523960.0,-0.4979307233976822,0.0
2020-11-02,42.97,122440.0,0.2694701324993124,0.0
2020-11-03,42.92,80450.0,0.7827332980232313,0.0
2020-11-04,43.37,199140.0,0.7985711005516352,0.0
2020-11-05,43.28,255810.0,0.20829275203868747,0.0
2020-11-06,42.92,147850.0,0.3846488818526268,0.0
2020-11-07,42.92,147850.0,0.9434426333755256,0.0
2020-11-08,42.92,147850.0,0.45224474894348543,0.0
2020-11-09,43.1,266160.0,0.6198000994045287,0.0
2020-11-10,43.41,1107700.0,0.3219549220986664,0.0
2020-11-11,43.41,512860.0,0.0,0.0
2020-11-12,43.19,356940.0,0.6173945935443044,0.0
2020-11-13,43.37,459050.0,0.31840895023196936,0.0
2020-11-14,43.37,459050.0,0.3926107818260789,0.0
2020-11-15,43.37,459050.0,0.5942213551606984,0.0
2020-11-16,42.79,896740.0,0.28022831810327875,0.0
2020-11-17,43.01,468290.0,0.5646934942342341,0.0
2020-11-18,43.01,485750.0,0.4973696414381266,0.0
2020-11-19,45.06,1877310.0,0.46534069292247293,0.0
2020-11-20,44.97,705480.0,0.5271581526224811,0.0
2020-11-21,44.97,705480.0,0.4938042410649359,0.0
2020-11-22,44.97,705480.0,0.8823378249071538,0.0
2020-11-23,45.06,776920.0,0.28308712057769303,0.0
2020-11-24,44.61,886820.0,-0.331366794416681,0.0
2020-11-25,44.79,694950.0,0.024209779221564587,0.0
2020-11-26,45.68,1630020.0,0.6406132045667619,0.0
2020-11-27,45.59,627770.0,0.4702649507671594,0.0
2020-11-28,45.59,627770.0,0.8480148036032916,0.0
2020-11-29,45.59,627770.0,0.9644820161629468,0.0
2020-11-30,45.14000000000001,515420.0,-0.02225102980931601,0.0
2020-12-01,44.97,907360.0,0.7632194773759693,0.946628306992352
2020-12-02,45.23,632830.0,0.5377684134291486,0.0
2020-12-03,44.97,688180.0,0.6540155676193535,0.0
2020-12-04,45.14,901290.0,0.7315170748042875,0.0
2020-12-05,45.14,901290.0,0.882535349112004,0.0
2020-12-06,45.14,901290.0,0.4130629617720843,0.0
2020-12-07,45.59,534840.0,0.6335951325949283,0.0
2020-12-08,45.06,768990.0,0.3725957168000085,0.0
2020-12-09,46.48,1540750.0,-0.9830444129183891,0.0
2020-12-10,45.85,906890.0,0.5213098350912333,0.0
2020-12-11,47.1,1131390.0,0.6636876487173141,0.0
2020-12-12,47.1,1131390.0,0.5408378057181835,0.0
2020-12-13,47.1,1131390.0,0.5175811368972063,0.0
2020-12-14,48.43,1162870.0,0.6464648283519117,0.0
2020-12-15,47.9,1249090.0,0.5727520703803749,0.0
2020-12-16,47.72,651030.0,0.4171565586002543,0.0
2020-12-17,46.48,1365140.0,0.47522526669005566,0.0
2020-12-18,47.81,839990.0,0.25735933636315167,0.0
2020-12-19,47.81,839990.0,0.19367926940321928,0.0
2020-12-20,47.81,839990.0,0.8094873651862146,0.0
2020-12-21,47.99,838750.0,0.7869402676820755,0.0
2020-12-22,47.28,640360.0,0.2963643101044,0.0
2020-12-23,47.19,866960.0,0.5871135764422694,0.0
2020-12-24,46.83,833500.0,0.1466240318259225,0.0
2020-12-25,47.19,394190.0,0.39590527047403157,0.0
2020-12-26,47.19,394190.0,-0.16364178713411093,0.0
2020-12-27,47.19,394190.0,0.6465983067173512,0.0
2020-12-28,48.7,1758050.0,0.3695847068115005,0.0
2020-12-29,48.60999999999999,1165010.0,0.3918448807671666,0.0
2020-12-30,48.79,456950.0,0.40538147254846985,0.0
2020-12-31,48.52,566460.0,0.24071694662173598,0.0
2021-01-01,48.52,566460.0,0.3555623613647185,0.0
2021-01-02,48.52,566460.0,0.7338158247681956,0.0
2021-01-03,48.52,566460.0,-0.15036733821034437,0.0
2021-01-04,48.79,1330000.0,0.649303257498624,0.0
2021-01-05,48.97,746800.0,0.37019424079335295,0.0
2021-01-06,49.14,691800.0,0.670658648852259,0.0
2021-01-07,49.41,755500.0,0.6590800229460001,0.0
2021-01-08,49.94,1314800.0,0.6938811173895375,0.0
2021-01-09,49.94,1314800.0,0.4696046628523619,0.0
2021-01-10,49.94,1314800.0,0.9767869403585792,0.0
2021-01-11,50.92,1140700.0,0.4821636333529439,0.0
2021-01-12,50.92,656300.0,0.7342684660106897,0.0
2021-01-13,50.65,792700.0,0.34079980605747556,0.0
2021-01-14,49.94,1187700.0,0.36476989015936856,-0.9278283603489399
2021-01-15,49.76,1236000.0,0.2611460164189339,0.0
2021-01-16,49.76,1236000.0,0.3420176948420704,0.0
2021-01-17,49.76,1236000.0,0.5518833183450624,0.0
2021-01-18,49.85,1240800.0,0.5254307155031711,0.0
2021-01-19,47.1,805900.0,0.2067321405879089,0.0
2021-01-20,47.37,1368100.0,0.47807945233459276,0.0
2021-01-21,48.78999999999999,961300.0,0.4205640309320933,0.0
2021-01-22,48.25,990800.0,0.3776166271418333,0.0
2021-01-23,48.25,990800.0,0.08558380377611943,-0.9287542775273323
2021-01-24,48.25,990800.0,0.952006154693663,0.0
2021-01-25,47.9,906400.0,0.2804160986820029,0.0
2021-01-26,46.74,1198900.0,0.44585986070645356,0.0
2021-01-27,45.06,1168700.0,-0.23829722194932398,0.0
2021-01-28,41.94,1593800.0,-0.037758750084322,0.0
2021-01-29,43.54,734900.0,0.17008119423149357,0.0
2021-01-30,43.54,734900.0,0.8176438398659229,0.0
2021-01-31,43.54,734900.0,0.2860228518644969,0.0
2021-02-01,43.1,693200.0,-0.06768710950079071,0.0
2021-02-02,44.17,1078600.0,0.07938590488629418,0.3055029325187206
2021-02-03,44.88,707800.0,0.37739219751933384,0.0
2021-02-04,45.59,364700.0,0.4731518677435816,0.0
2021-02-05,46.39,570400.0,0.31095521030947565,0.0
2021-02-06,46.39,570400.0,-0.129302001092583,0.0
2021-02-07,46.39,570400.0,-0.32887780596502125,0.0
2021-02-08,46.21,2088700.0,0.08389980287756765,0.0
2021-02-09,47.1,1327100.0,0.6121308404641848,0.0
2021-02-10,47.1,1327100.0,-0.04471394047141081,0.0
2021-02-11,47.1,1327100.0,0.89095114544034,0.0
2021-02-12,47.1,1327100.0,0.6160989399068059,0.0
2021-02-13,47.1,1327100.0,0.4530446035787464,0.0
2021-02-14,47.1,1327100.0,0.43440484348684555,0.0
2021-02-15,47.1,1327100.0,-0.06538588181138039,0.0
2021-02-16,47.1,1327100.0,0.4713324108161033,0.0
2021-02-17,49.5,1271200.0,0.7108939868398012,0.0
2021-02-18,49.85,1304600.0,0.5900008458799373,0.0
2021-02-19,49.94,1466000.0,-0.25675627496093506,0.0
2021-02-20,49.94,1466000.0,0.9432297367602588,0.0
2021-02-21,49.94,1466000.0,0.0,0.0
2021-02-22,50.83,2133700.0,0.4578527551610023,0.0
2021-02-23,50.48,1314000.0,0.49907022295519704,0.0
2021-02-24,50.92,1965900.0,0.37871427686574555,0.0
2021-02-25,51.9,2473000.0,0.40382738727410994,0.6724725440144539
2021-02-26,51.72,1319300.0,0.27204780746251345,0.0
2021-02-27,51.72,1319300.0,0.0,0.0
2021-02-28,51.72,1319300.0,0.6300637062328557,0.0
2021-03-01,52.43,5292000.0,-0.36506936699151993,0.0
2021-03-02,52.08,3858000.0,0.5851603506016546,0.929383996874094
2021-03-03,51.99,4286300.0,0.3685869369655848,0.0
2021-03-04,51.36,4348500.0,0.3896947422597026,0.0
2021-03-05,51.54,4894700.0,0.45300035970285535,0.0
2021-03-06,51.54,4894700.0,0.6751192209000388,0.0
2021-03-07,51.54,4894700.0,0.7682561138644816,0.0
2021-03-08,51.9,3852200.0,0.3720797250280157,0.0
2021-03-09,50.29999999999999,4097200.0,0.0233558105925719,0.0
2021-03-10,49.59,4298000.0,0.2383355516940355,0.0
2021-03-11,49.41,2905500.0,0.5070505229689714,0.0
2021-03-12,49.41,2127200.0,0.2967969994060695,0.0
2021-03-13,49.41,2127200.0,0.903063576668501,0.0
2021-03-14,49.41,2127200.0,0.2213362529873848,0.0
2021-03-15,50.74,4551600.0,0.41922535258345306,0.3316196817904711
2021-03-16,51.35999999999999,4964600.0,0.68132970307488,0.0
2021-03-17,51.36,4739600.0,0.4129686150408816,0.0
2021-03-18,51.28,3442900.0,0.5617454272694886,0.0
2021-03-19,50.03,4493400.0,0.4731629132293165,0.0
2021-03-20,50.03,4493400.0,0.6978586595505476,0.0
2021-03-21,50.03,4493400.0,0.13095465674996382,0.0
2021-03-22,49.76,963700.0,0.325206020846963,0.0
2021-03-23,50.830000000000005,1753800.0,0.022655678835386994,0.0
2021-03-24,50.03,1694900.0,-0.2576299930612246,0.1006389632821083
2021-03-25,49.94,889500.0,0.1581873614341021,0.0
2021-03-26,49.68,1148200.0,0.10047895259534323,0.0
2021-03-27,49.68,1148200.0,0.9367675933754074,0.0
2021-03-28,49.68,1148200.0,0.0776177020743489,0.0
2021-03-29,49.41,662600.0,0.3564075911417604,0.0
2021-03-30,49.32,969300.0,0.5065100478939712,0.0
2021-03-31,48.97,935900.0,0.3757111577627559,0.0
2021-04-01,50.03,679900.0,0.5396327708466826,0.0
2021-04-02,50.21,1046700.0,0.6077035490889103,0.0
2021-04-03,50.21,1046700.0,0.6017186706885695,0.0
2021-04-04,50.21,1046700.0,0.4619597678538412,0.0
2021-04-05,49.68,1662400.0,0.23759734636405477,0.0
2021-04-06,49.59,1105900.0,0.5400165761820973,0.0
2021-04-07,49.59,1256900.0,0.7595460304790842,0.0
2021-04-08,49.68,740900.0,0.23846186534501618,0.0
2021-04-09,49.68,749700.0,0.3678764568176121,0.0
2021-04-10,49.68,749700.0,0.6288780734563867,0.0
2021-04-11,49.68,749700.0,0.5904518975876272,0.0
2021-04-12,49.68,1616600.0,0.48817081327017936,0.0
2021-04-13,48.79,1443600.0,0.2052839931566269,0.0
2021-04-14,49.05,844600.0,0.4250730280182325,0.0
2021-04-15,48.34,2122700.0,0.2746647503809073,0.0
2021-04-16,46.92,1472100.0,0.6593654228573931,0.0
2021-04-17,46.92,1472100.0,-0.9713365207426252,0.0
2021-04-18,46.92,1472100.0,0.0,0.0
2021-04-19,46.65,1408700.0,0.5210009619726667,0.0
2021-04-20,47.01,1359900.0,0.3037641008384526,0.0
2021-04-21,47.01,1359900.0,0.444681579247117,0.0
2021-04-22,45.32,1485700.0,-0.4929803144186735,0.0
2021-04-23,45.32,2184900.0,0.10644477978348729,0.0
2021-04-24,45.32,2184900.0,0.6430545663461089,0.0
2021-04-25,45.32,2184900.0,0.0,0.0
2021-04-26,44.39,1127800.0,0.0,-0.9704403174109757
2021-04-27,43.19,2050800.0,0.0,0.0
2021-04-28,44.43,1396000.0,0.0,0.0
2021-04-29,44.7,1037100.0,0.0,0.0
2021-04-30,44.70000000000001,1037100.0,0.013299657963216305,0.0
2021-05-01,44.7,1037100.0,0.09439950063824662,0.0
2021-05-02,44.7,1037100.0,0.6185640320181848,0.0
2021-05-03,44.7,1037100.0,0.0,0.0
2021-05-04,44.12,1098200.0,0.6023025163061297,0.0
2021-05-05,45.23,1453500.0,0.6557119563221931,0.23804598674178123
2021-05-06,45.14000000000001,1035200.0,0.6057272249211868,0.0
2021-05-07,45.06,1861800.0,0.1836637390078977,0.0
2021-05-08,45.06,1861800.0,0.006383899056042197,0.0
2021-05-09,45.06,1861800.0,0.625369547866285,0.0
2021-05-10,47.37,2939400.0,0.2975213147389393,0.5764724351465702
2021-05-11,47.1,1711900.0,0.3268876981455833,0.0
2021-05-12,47.37,2193100.0,0.245435598439404,0.0
2021-05-13,47.99,2040100.0,0.28085257512672496,0.0
2021-05-14,48.7,2380600.0,0.6320778905937914,0.0
2021-05-15,48.7,2380600.0,0.7353997500613332,0.0
2021-05-16,48.7,2380600.0,0.3910497557371855,0.0
2021-05-17,47.99,2314100.0,0.49626681907102466,0.0
2021-05-18,47.99,2399700.0,-0.22398250782862308,0.0
2021-05-19,48.17,2808800.0,0.5840717235987541,0.5779308434575796
2021-05-20,48.34,1480900.0,0.48880494851619016,0.0
2021-05-21,51.01,2248400.0,0.6563815250992775,0.0
2021-05-22,51.01,2248400.0,0.10770361125469209,0.0
2021-05-23,51.01,2248400.0,0.9070628106128424,0.0
2021-05-24,50.03,3111800.0,0.5108827715739608,0.0
2021-05-25,49.94,3987700.0,0.7951440066681243,0.0
2021-05-26,49.14,4817200.0,0.6546318997628986,0.6552555784583092
2021-05-27,47.9,4228500.0,0.44957583720263633,0.08367041498422623
2021-05-28,48.7,4141900.0,0.6519188507460059,0.0
2021-05-29,48.7,4141900.0,0.5257743160473183,0.0
2021-05-30,48.7,4141900.0,0.667279119777959,0.0
2021-05-31,48.52,4350300.0,0.7398860955145211,0.0
2021-06-01,48.61,2062500.0,0.5193200429369297,0.0
2021-06-02,49.05,4807300.0,0.5827448791824282,0.0
2021-06-03,49.23,4369300.0,0.6877173598234853,0.0
2021-06-04,50.83,5913000.0,0.7082283594645561,0.0
2021-06-05,50.83,5913000.0,0.9723887608852237,0.0
2021-06-06,50.830000000000005,5913000.0,0.0722028190890948,0.0
2021-06-07,50.29999999999999,6463900.0,0.3780830525017034,0.0
2021-06-08,48.61,5831000.0,-0.17822523270733648,0.0
2021-06-09,47.81,4049700.0,-2.484589016871208e-05,0.0
2021-06-10,46.65,3102600.0,-0.48830791322203976,0.0
2021-06-11,47.99,5131500.0,0.2967810779809952,0.0
2021-06-12,47.99,5131500.0,0.5217917497890692,0.0
2021-06-13,47.99,5131500.0,0.5404034093177568,0.0
2021-06-14,48.88,6387700.0,0.3721254060510546,0.0
2021-06-15,48.7,7003300.0,0.0,0.0
2021-06-16,49.76,4148100.0,-0.03180154543370006,0.0
2021-06-17,50.39000000000001,3096600.0,0.306776126070569,0.0
2021-06-18,50.21,2319300.0,0.3633625379763544,0.0
2021-06-19,50.21,2319300.0,0.913604266010225,0.0
2021-06-20,50.21,2319300.0,0.5993433428229765,0.0
2021-06-21,52.08,6573200.0,0.33880228158086534,0.0
2021-06-22,52.08,3673900.0,0.43158532775123604,0.0
2021-06-23,51.26,2790000.0,-0.12128006294369703,0.0
2021-06-24,50.81,2592500.0,0.13365284870378677,0.0
2021-06-25,51.26,1839500.0,-0.1216839657475551,0.0
2021-06-26,51.26,1839500.0,0.1843922100961209,0.0
2021-06-27,51.26,1839500.0,0.0,0.0
2021-06-28,51.8,2439700.0,0.5513251628726721,0.0
2021-06-29,50.99,2488400.0,0.37750705047510563,0.0
2021-06-30,49.72,2339900.0,-0.06414995423983788,0.0
2021-07-01,50.35,2307300.0,0.6141839314562579,0.0
2021-07-02,50.26,1266800.0,0.45088986791961366,0.0
2021-07-03,50.26,1266800.0,0.674645058810711,0.0
2021-07-04,50.26,1266800.0,0.5270338539849037,0.0
2021-07-05,49.45,2150300.0,0.2318251992442778,0.5345402471721172
2021-07-06,46.91,1955600.0,0.3192008454775946,0.0
2021-07-07,48.27,2287100.0,0.14212178379031162,0.0
2021-07-08,47.45,1593300.0,0.48125864203029783,0.0
2021-07-09,46.09,2491500.0,-0.1173755636438727,0.0
2021-07-10,46.09,2491500.0,0.08359590553057689,0.0
2021-07-11,46.09,2491500.0,0.07066073168867398,0.0
2021-07-12,45.05,2701900.0,0.1971771475445065,0.0
2021-07-13,46.27,1200100.0,0.2862823758170836,0.0
2021-07-14,46.18,1160000.0,0.5143873421475292,0.0
2021-07-15,46.18,1030800.0,0.0,0.0
2021-07-16,46.36,1041300.0,0.0,0.0
2021-07-17,46.36,1041300.0,0.0,0.0
2021-07-18,46.36,1041300.0,0.0,0.0
2021-07-19,44.46,1312400.0,0.0,0.0
2021-07-20,44.77,1878300.0,0.27572237001732003,0.0
2021-07-21,45.36,1131300.0,0.0,0.0
2021-07-22,46.18,784100.0,0.0,0.0
2021-07-23,45.54,1002500.0,0.0,0.0
2021-07-24,45.54,1002500.0,0.0,0.0
2021-07-25,45.54,1002500.0,0.1127867884933948,0.0
2021-07-26,45.27,1069300.0,0.5529709209804423,0.0
2021-07-27,45.64,975000.0,0.0,0.0
2021-07-28,45.82,464600.0,0.0,0.0
2021-07-29,46.27,1719000.0,0.0,0.0
2021-07-30,46.54,1306000.0,0.0,0.0
2021-07-31,46.54,1306000.0,0.8509024512022734,0.0
2021-08-01,46.54,1306000.0,0.244718074798584,0.3433629646897316
2021-08-02,46.72,872300.0,0.14794212291017178,0.0
2021-08-03,46.45,1243400.0,-0.14863926009275025,0.6845491714775562
2021-08-04,47.45,2070900.0,0.0,0.0
2021-08-05,47.54,806900.0,0.0,0.0
2021-08-06,47.99,1720900.0,0.0,0.0
2021-08-07,47.99,1720900.0,0.0,0.0
2021-08-08,47.99,1720900.0,0.0,0.0
2021-08-09,47.99,1710100.0,0.0,0.0
2021-08-10,48.81,4106100.0,0.0,0.0
2021-08-11,48.45,2800700.0,0.0,0.0
2021-08-12,48.080000000000005,2153600.0,0.007289125972116978,0.0
2021-08-13,47.99,2831900.0,0.5064272185554728,0.0
2021-08-14,47.99,2831900.0,0.0,0.0
2021-08-15,47.99,2831900.0,0.0,0.0
2021-08-16,47.27,1051300.0,0.0,0.0
2021-08-17,46.81,1354100.0,0.0,0.0
2021-08-18,46.81,1016100.0,0.0,0.0
2021-08-19,46.72,1008500.0,0.0,0.0
2021-08-20,45.0,1982900.0,0.0,0.0
2021-08-21,45.0,1982900.0,0.0,0.0
2021-08-22,45.0,1982900.0,0.0,0.0
2021-08-23,44.0,1795400.0,0.0,0.0
2021-08-24,44.27,1279500.0,0.0,0.0
2021-08-25,44.95,1156100.0,0.0,0.0
2021-08-26,44.18,754100.0,0.0,0.0
2021-08-27,44.91,797100.0,0.0,0.0
2021-08-28,44.91,797100.0,0.0,0.0
2021-08-29,44.91,797100.0,0.0,0.0
2021-08-30,44.95,831900.0,0.0,0.0
2021-08-31,45.09,1101500.0,0.0,0.0
2021-09-01,46.09,1320900.0,0.0,0.0
2021-09-02,46.09,1320900.0,0.0,0.944752624258399
2021-09-03,46.09,1320900.0,0.0,0.0
2021-09-04,46.09,1320900.0,0.0,0.0
2021-09-05,46.09,1320900.0,0.0,0.0
2021-09-06,46.36,1375400.0,0.0,0.0
2021-09-07,45.73,1205400.0,0.0,0.0
2021-09-08,44.73,915600.0,0.0,0.0
2021-09-09,45.91,746700.0,0.0,0.0
2021-09-10,45.82,702400.0,0.0,0.0
2021-09-11,45.82,702400.0,0.0,0.762222702614963
2021-09-12,45.82,702400.0,0.0,0.0
2021-09-13,45.64,1201200.0,0.0,0.0
2021-09-14,45.45,648500.0,0.0,0.0
2021-09-15,46.18,847800.0,0.0,0.0
2021-09-16,46.27,1014800.0,0.0,0.0
2021-09-17,46.0,893600.0,0.0,0.0
2021-09-18,46.0,893600.0,0.0,0.0
2021-09-19,46.0,893600.0,0.0,0.0
2021-09-20,45.36,1142300.0,0.3046211935579777,0.0
2021-09-21,45.0,981600.0,0.3278393461368978,0.0
2021-09-22,45.45,553000.0,0.0,0.0
2021-09-23,45.54,919700.0,0.0,0.0
2021-09-24,45.36,951000.0,-0.10999021865427488,0.0
2021-09-25,45.36,951000.0,0.0,0.0
2021-09-26,45.36,951000.0,0.0,0.0
2021-09-27,45.45,1496700.0,0.0,0.0
2021-09-28,46.36,2247200.0,0.0,0.0
2021-09-29,47.18,2210600.0,0.0,0.0
2021-09-30,46.81,969100.0,0.0,0.0
2021-10-01,47.09,2380900.0,0.5195513829322799,0.0
2021-10-02,47.09,2380900.0,0.3756270702928305,0.0
2021-10-03,47.09,2380900.0,0.6084395870566369,0.0
2021-10-04,48.81,3732500.0,0.0,0.0
2021-10-05,48.9,1392800.0,0.0,0.0
2021-10-06,48.9,1460000.0,0.5066425276454538,0.0
2021-10-07,48.99,2783100.0,0.43551112432032824,0.0
2021-10-08,48.9,975300.0,0.0,0.0
2021-10-09,48.9,975300.0,0.0,0.0
2021-10-10,48.9,975300.0,0.0,0.0
2021-10-11,49.81,1873000.0,0.0,0.0
2021-10-12,49.9,2970900.0,0.0,0.0
2021-10-13,48.81,1768800.0,0.0,0.0
2021-10-14,48.9,1634100.0,0.0,0.0
2021-10-15,48.63,1830000.0,0.0,0.0
2021-10-16,48.63,1830000.0,0.8858950063586235,0.0
2021-10-17,48.63,1830000.0,0.5086941753203671,0.0
2021-10-18,49.35,2103700.0,0.8019558209925891,0.0
2021-10-19,49.72,1198600.0,0.0,0.0
2021-10-20,48.9,1183600.0,0.0,0.0
2021-10-21,48.54,1128500.0,0.0,0.0
2021-10-22,47.99,1576000.0,0.0,0.0
2021-10-23,47.99,1576000.0,0.1213386915624142,0.0
2021-10-24,47.99,1576000.0,0.6015817882337918,0.0
2021-10-25,49.08,1068200.0,0.323236209154129,0.0
2021-10-26,49.54,2374600.0,0.1516808709129691,0.0
2021-10-27,50.17,2086200.0,0.661784488707781,0.0
2021-10-28,49.72,1387500.0,0.21318388357758522,0.0
2021-10-29,49.08,2289600.0,0.0,0.0
2021-10-30,49.08,2289600.0,0.4939290714683011,0.0
2021-10-31,49.08,2289600.0,0.8512382286135108,0.0
2021-11-01,48.9,1823500.0,0.0,0.0
2021-11-02,49.26,1890500.0,0.0,0.0
2021-11-03,48.08,1957500.0,0.0,0.0
2021-11-04,47.81,1526500.0,0.0,0.0
2021-11-05,48.9,2295000.0,0.0,0.0
2021-11-06,48.9,2295000.0,0.0,0.0
2021-11-07,48.9,2295000.0,0.0,0.0
2021-11-08,49.63,2207100.0,0.0,0.0
2021-11-09,49.45,1074200.0,0.0,0.0
2021-11-10,52.89,7387900.0,0.0,0.9479942498728633
2021-11-11,54.25,5714300.0,0.6192476763390005,0.0
2021-11-12,54.44,2450800.0,0.029098875995259732,0.9274864052422345
2021-11-13,54.44,2450800.0,0.9410511017777026,0.0
2021-11-14,54.44,2450800.0,0.25381075404584413,0.0
2021-11-15,54.53,3128700.0,0.0,0.0
2021-11-16,53.35,2612300.0,0.0,0.0
2021-11-17,56.34,4711400.0,0.0,0.0
2021-11-18,55.34,2574800.0,0.0,0.0
2021-11-19,53.89000000000001,5024900.0,-0.0807230199376742,0.0
2021-11-20,53.89,5024900.0,-0.4402305791154504,0.8680586665868759
2021-11-21,53.89,5024900.0,0.0,0.0
2021-11-22,50.72,3031200.0,0.1579348146915436,0.0
2021-11-23,51.71,2507800.0,0.2536421651020646,0.0
2021-11-24,51.71,2281600.0,0.0,0.7832193225622177
2021-11-25,52.62,2036100.0,0.0,0.9511080672964454
2021-11-26,51.53,2760500.0,0.0,0.0
2021-11-27,51.53,2760500.0,0.0,0.9382256180979311
2021-11-28,51.53,2760500.0,0.0,0.0
2021-11-29,49.81,2717900.0,0.0,0.0
2021-11-30,49.08,2727300.0,0.7166294610127808,0.0
2021-12-01,49.26,1844900.0,0.26275240001268685,0.0
2021-12-02,50.35,1186100.0,0.9747712565585973,0.9410502598620951
2021-12-03,48.35999999999999,1645400.0,0.12799612556894618,0.33248970098793507
2021-12-04,48.36,1645400.0,0.0,0.0
2021-12-05,48.36,1645400.0,0.0,0.0
2021-12-06,46.91,2038600.0,0.0,0.0
2021-12-07,48.54,989900.0,0.0,0.0
2021-12-08,48.81,1106400.0,0.0,0.0
2021-12-09,49.08,1421300.0,0.0,0.0
2021-12-10,48.36,1440600.0,0.0,0.0
2021-12-11,48.36,1440600.0,0.0,0.0
2021-12-12,48.36,1440600.0,0.0,0.0
2021-12-13,48.72,1316300.0,0.0,0.0
2021-12-14,49.45,1045000.0,0.0,0.0
2021-12-15,49.54,1358400.0,0.0,0.0
2021-12-16,49.81,1206700.0,0.5145068541169168,0.0
2021-12-17,49.26,1023600.0,0.5927379616186954,0.0
2021-12-18,49.26,1023600.0,0.0,0.0
2021-12-19,49.26,1023600.0,0.0,0.0
2021-12-20,48.08,1492900.0,0.0,0.0
2021-12-21,48.08,858300.0,0.0,0.0
2021-12-22,47.9,884600.0,0.0,0.0
2021-12-23,47.9,1667200.0,0.0,0.0
2021-12-24,48.08,597000.0,0.5980691834352911,0.0
2021-12-25,48.08,597000.0,0.0,0.0
2021-12-26,48.08,597000.0,0.0,0.0
2021-12-27,49.08,972100.0,0.7455391808878632,0.0
2021-12-28,48.81,888300.0,0.0,0.0
2021-12-29,48.99,668600.0,0.45049196500331173,0.0
2021-12-30,48.99,551000.0,0.0,0.0
2021-12-31,48.9,872900.0,0.0,0.0
2022-01-01,48.9,872900.0,0.0,0.0
2022-01-02,48.9,872900.0,0.0,0.0
2022-01-03,48.9,872900.0,0.0,0.0
2022-01-04,50.72,2734500.0,0.0,0.0
2022-01-05,50.53,1640600.0,0.0,0.0
2022-01-06,50.35,1242900.0,0.0,0.0
2022-01-07,51.08,1521100.0,0.0,0.0
2022-01-08,51.08,1521100.0,0.0,0.0
2022-01-09,51.08,1521100.0,0.7003406640142203,0.0
2022-01-10,49.9,1504200.0,0.22881867297110148,0.0
2022-01-11,49.08,1115000.0,-0.1089421287178993,0.0
2022-01-12,49.72,1388500.0,-0.3935586018487811,0.0
2022-01-13,49.17,1055200.0,0.3817267353297211,0.0
2022-01-14,49.9,884000.0,0.10627928984467877,0.0
2022-01-15,49.9,884000.0,0.6580683719366789,0.0
2022-01-16,49.9,884000.0,0.0,0.0
2022-01-17,48.63,1814400.0,0.0,0.0
2022-01-18,48.99,1129000.0,0.0,0.0
2022-01-19,49.08,1004200.0,0.0,0.0
2022-01-20,49.08,669600.0,0.0,0.0
2022-01-21,49.72,1281700.0,0.4835270531475544,0.0
2022-01-22,49.72,1281700.0,0.9694448583759369,0.0
2022-01-23,49.72,1281700.0,0.0,0.0
2022-01-24,49.26,1088400.0,0.0,0.0
2022-01-25,49.35,977300.0,0.0,0.0
2022-01-26,51.71,4913800.0,0.8022558268858121,0.0
2022-01-27,51.71,1932200.0,0.0,0.0
2022-01-28,50.9,1430900.0,0.0,0.0
2022-01-29,50.9,1430900.0,0.0,0.0
2022-01-30,50.9,1430900.0,0.0,0.0
2022-01-31,50.9,1430900.0,0.0,0.0
2022-02-01,50.9,1430900.0,0.0,0.0
2022-02-02,50.9,1430900.0,0.0,0.0
2022-02-03,50.9,1430900.0,0.0,0.0
2022-02-04,50.9,1430900.0,0.1721239238977432,0.0
2022-02-05,50.9,1430900.0,0.8462328771129252,0.0
2022-02-06,50.9,1430900.0,0.9718133725691588,0.0
2022-02-07,53.260000000000005,3957700.0,0.2545315876603126,0.0
2022-02-08,53.35,1986900.0,0.0,0.0
2022-02-09,53.89,2814400.0,0.0,0.0
2022-02-10,54.89,3213700.0,0.45945968700107187,0.4115797933191061
2022-02-11,53.89,2724600.0,0.0,0.0
2022-02-12,53.89,2724600.0,0.0,0.0
2022-02-13,53.89,2724600.0,0.0,0.0
2022-02-14,54.62,3147700.0,0.0,0.0
2022-02-15,53.53,2402200.0,0.7774798926548102,0.0
2022-02-16,53.53,1851300.0,0.3568783286027611,0.0
2022-02-17,54.44,2257800.0,0.0,0.0
2022-02-18,54.25,1749200.0,0.0,0.0
2022-02-19,54.25,1749200.0,0.0,0.0
2022-02-20,54.25,1749200.0,0.0,0.0
2022-02-21,54.34,2326000.0,0.0,0.0
2022-02-22,56.25,5660600.0,0.7855343166738749,0.0
2022-02-23,56.70000000000001,4311700.0,0.5876759833966693,0.0
2022-02-24,57.52,5798300.0,0.0,0.0
2022-02-25,56.61,3042900.0,0.0,0.0
2022-02-26,56.61,3042900.0,0.0,0.2466629184782505
2022-02-27,56.61,3042900.0,0.0,0.0
2022-02-28,56.52,2428900.0,0.0,0.0
2022-03-01,55.61,3577800.0,0.0,0.0
2022-03-02,55.8,5368100.0,0.0,0.0
2022-03-03,56.98,3080600.0,0.0,0.0
2022-03-04,55.43,2848300.0,0.0,0.22114863246679306
2022-03-05,55.43,2848300.0,0.0,0.0
2022-03-06,55.43,2848300.0,0.0,0.0
2022-03-07,57.43,6674300.0,0.2226716962953409,0.0
2022-03-08,55.61,2878000.0,0.4157506912015379,0.0
2022-03-09,57.16,3721600.0,0.0,0.0
2022-03-10,55.61,2906400.0,0.0,0.0
2022-03-11,52.62,5639500.0,0.0,0.0
2022-03-12,52.62,5639500.0,0.0,0.0
2022-03-13,52.62,5639500.0,0.0,0.0
2022-03-14,50.72,3858900.0,0.0,0.0
2022-03-15,50.81,2592000.0,0.0,0.0
2022-03-16,50.99,1634500.0,0.0,0.0
2022-03-17,50.63,1490400.0,0.0,0.0
2022-03-18,50.72,1514600.0,0.0,0.0
2022-03-19,50.72,1514600.0,0.055244404822587904,0.0
2022-03-20,50.72,1514600.0,0.454543448984623,0.0
2022-03-21,50.81,1400300.0,0.0,0.0
2022-03-22,51.53,1998000.0,0.0,0.0
2022-03-23,50.81,1522600.0,0.3884198684245349,0.0
2022-03-24,50.81,1447000.0,0.0,0.0
2022-03-25,50.81,1417700.0,0.0,0.0
2022-03-26,50.81,1417700.0,0.0,0.0
2022-03-27,50.81,1417700.0,0.0,0.0
2022-03-28,50.81,1764000.0,0.0,0.0
2022-03-29,51.17,1594000.0,0.0,0.0
2022-03-30,49.9,2248900.0,0.0,0.0
2022-03-31,50.08,1938200.0,0.0,0.0
2022-04-01,49.99,1340600.0,0.0,0.0
2022-04-02,49.99,1340600.0,0.0,0.0
2022-04-03,49.99,1340600.0,0.0,0.0
2022-04-04,50.99,1692600.0,0.0,0.0
2022-04-05,50.9,926100.0,0.8728789524175227,0.0
2022-04-06,50.81,1262500.0,0.4678368064730118,0.0
2022-04-07,51.35,3131500.0,0.0,0.0
2022-04-08,50.99,1558900.0,0.0,0.0
2022-04-09,50.99,1558900.0,0.0,0.0
2022-04-10,50.99,1558900.0,0.0,0.0
2022-04-11,50.99,1558900.0,0.0,0.0
2022-04-12,49.54,1465200.0,0.0,0.0
2022-04-13,49.63,1274500.0,0.0,0.0
2022-04-14,49.63,1030400.0,0.0,0.0
2022-04-15,49.63,1178200.0,0.0,0.0
2022-04-16,49.63,1178200.0,0.0,0.0
2022-04-17,49.63,1178200.0,0.0,0.0
2022-04-18,47.99,1985100.0,0.0,0.0
2022-04-19,46.27,1352700.0,0.0,0.0
2022-04-20,46.54,1732500.0,-0.07668250263668597,0.0
2022-04-21,45.64,2002500.0,0.0,0.0
2022-04-22,45.45,2090300.0,0.03982946556061501,0.0
2022-04-23,45.45,2090300.0,0.391385992988944,0.0
2022-04-24,45.45,2090300.0,0.0,0.0
2022-04-25,42.28,2303200.0,0.0,0.0
2022-04-26,43.37,2044300.0,0.0,0.0
2022-04-27,43.82,593900.0,0.0,0.0
2022-04-28,43.37,609700.0,0.35201229015365243,0.0
2022-04-29,43.54999999999999,871300.0,0.40207266295328736,0.0
2022-04-30,43.54999999999999,871300.0,0.1753640576886634,0.0
2022-05-01,43.55,871300.0,0.08596064895391459,0.0
2022-05-02,43.55,871300.0,0.0,0.0
2022-05-03,43.55,871300.0,0.0,0.0
2022-05-04,44.14,779900.0,0.0,0.0
2022-05-05,43.19,1542400.0,0.0,0.4094254393130541
2022-05-06,41.55,1026300.0,0.0,0.0693935938179493
2022-05-07,41.55,1026300.0,0.0,0.0
2022-05-08,41.55,1026300.0,0.0,0.0
2022-05-09,38.65,2497600.0,-0.1390590826049447,0.0
2022-05-10,38.74,1181500.0,0.0,0.0
2022-05-11,37.65,1273100.0,0.0,0.0
2022-05-12,35.02,2073500.0,0.0,0.0
2022-05-13,33.89,2015800.0,0.0,0.0
2022-05-14,33.89,2015800.0,0.0,0.0
2022-05-15,33.89,2015800.0,0.0,0.0
2022-05-16,35.47,1598100.0,0.0,0.0
2022-05-17,37.92,1495800.0,0.0,0.0
2022-05-18,37.56,1216200.0,0.0,0.0
2022-05-19,36.74,1367000.0,0.0,0.0
2022-05-20,36.74,1106000.0,0.0,0.0
2022-05-21,36.74,1106000.0,0.0,0.0
2022-05-22,36.74,1106000.0,0.0,0.0
2022-05-23,36.52,1090900.0,0.0,-0.7278793076984584
2022-05-24,36.29,770900.0,0.0,0.0
2022-05-25,37.56,1234100.0,0.846607263898477,0.0
2022-05-26,38.6,1650500.0,0.15001367754302922,0.0
2022-05-27,38.65,1051000.0,0.6690822243224831,0.0
2022-05-28,38.65,1051000.0,0.9491768288426102,0.0
2022-05-29,38.65,1051000.0,0.0,0.0
2022-05-30,39.38,1268600.0,0.9053807565942408,0.0
2022-05-31,39.92,2119400.0,0.07405091896653171,0.0
2022-06-01,40.37,1321500.0,0.0,0.0
2022-06-02,39.47,1442600.0,0.0,0.0
2022-06-03,39.47,1338800.0,0.0,0.0
2022-06-04,39.47,1338800.0,0.0,0.0
2022-06-05,39.47,1338800.0,0.0,0.0
2022-06-06,40.74,1695100.0,0.0,0.0
2022-06-07,42.37,1631000.0,0.0,0.0
2022-06-08,42.51,2041700.0,0.0,0.10955280996859074
2022-06-09,42.55,814300.0,0.4215146775046985,0.0
2022-06-10,40.83,1655600.0,-0.009570594877004596,0.0
2022-06-11,40.83,1655600.0,0.6380690969526768,0.0
2022-06-12,40.83,1655600.0,0.0,0.0
2022-06-13,38.1,1678400.0,0.0,0.0
2022-06-14,39.1,1377300.0,0.0,0.0
2022-06-15,37.2,930800.0,0.0,0.0
2022-06-16,38.15,817400.0,0.0,0.0
2022-06-17,38.01,1109100.0,0.0,0.0
2022-06-18,38.01,1109100.0,0.0,0.0
2022-06-19,38.01,1109100.0,0.0,0.21489548683166504
2022-06-20,35.61,1238300.0,0.0,0.12295810133218765
2022-06-21,35.38,533000.0,0.0,0.0
2022-06-22,35.84,516600.0,0.0,0.0
2022-06-23,36.93,394200.0,0.0,0.0
2022-06-24,37.02,524800.0,0.0,0.0
2022-06-25,37.02,524800.0,0.0,0.0
2022-06-26,37.02,524800.0,0.0,0.0
2022-06-27,37.65,556400.0,0.0,0.0
2022-06-28,37.92,561600.0,0.0,0.0
2022-06-29,37.2,437200.0,0.0,0.0
2022-06-30,36.56,636800.0,0.0,0.0
2022-07-01,36.83,539300.0,0.0,0.0
2022-07-02,36.83,539300.0,0.0,0.0
2022-07-03,36.83,539300.0,0.0,0.0
2022-07-04,36.61,212300.0,0.0,0.0
2022-07-05,36.43,313200.0,0.0,0.0
2022-07-06,34.66,571200.0,0.0,0.0
2022-07-07,35.38,419400.0,0.0,0.0
2022-07-08,35.7,253600.0,0.0,0.0
2022-07-09,35.7,253600.0,0.0,0.0
2022-07-10,35.7,253600.0,0.0,0.0
2022-07-11,35.84,317000.0,0.0,0.0
2022-07-12,36.65,455900.0,0.0,0.0
2022-07-13,36.24,363900.0,0.0,0.0
2022-07-14,36.38,218100.0,0.0,0.0
2022-07-15,36.11,349400.0,0.0,0.0
2022-07-16,36.11,349400.0,0.0,0.0
2022-07-17,36.11,349400.0,0.0,0.0
2022-07-18,36.52,402900.0,0.0,0.0
2022-07-19,38.2,1069900.0,0.0,0.0
2022-07-20,38.88,914800.0,0.0,0.0
2022-07-21,38.42,396100.0,0.0,0.0
2022-07-22,37.92,471800.0,0.0,0.0
2022-07-23,37.92,471800.0,0.0,0.0
2022-07-24,37.92,471800.0,0.0,0.0
2022-07-25,37.29,470100.0,0.0,0.0
2022-07-26,37.06,247700.0,0.0,0.0
2022-07-27,37.47,350200.0,0.0,0.0
2022-07-28,37.65,694400.0,0.0,0.0
2022-07-29,37.29,443300.0,0.0,0.0
2022-07-30,37.29,443300.0,0.0,0.0
2022-07-31,37.29,443300.0,0.0,0.0
2022-08-01,37.92,1113400.0,0.0,0.0
2022-08-02,37.2,1275500.0,0.0,0.8476468529552221
2022-08-03,37.11,1442600.0,0.0,-0.001039452850818634
2022-08-04,38.2,1511100.0,0.0,0.0
2022-08-05,37.79,1453000.0,0.0,0.0
2022-08-06,37.79,1453000.0,0.0,0.0
2022-08-07,37.79,1453000.0,0.0,0.0
2022-08-08,38.51,1603600.0,0.0,0.0
2022-08-09,38.2,1639000.0,0.9325873395428063,0.0
2022-08-10,38.06,1192600.0,-0.09848223850131033,0.0
2022-08-11,37.97,1382000.0,0.5617899945937097,0.0
2022-08-12,38.06,690900.0,0.0,0.0
2022-08-13,38.06,690900.0,0.0,0.0
2022-08-14,38.06,690900.0,0.0,0.0
2022-08-15,38.2,1526200.0,0.0,0.0
2022-08-16,39.24,2545400.0,0.0,0.0
2022-08-17,38.69,1560700.0,0.0,0.0
2022-08-18,38.47,1375600.0,-0.0012071728706360002,0.0
2022-08-19,38.74,1495800.0,0.3039050433784724,0.0
2022-08-20,38.74,1495800.0,0.0,0.0
2022-08-21,38.74,1495800.0,0.0,0.0
2022-08-22,38.42,988200.0,0.0,0.0
2022-08-23,39.92,3993800.0,0.0,0.0
2022-08-24,39.74,1409200.0,0.0,0.0
2022-08-25,39.83,946800.0,0.0,0.0
2022-08-26,39.47,1933400.0,0.0,0.0
2022-08-27,39.47,1933400.0,0.0,0.0
2022-08-28,39.47,1933400.0,0.0,0.0
2022-08-29,38.92,2361900.0,0.0,0.0
2022-08-30,38.33,1821500.0,0.0,0.0
2022-08-31,38.29,1095000.0,0.0,0.0
2022-09-01,38.29,1095000.0,0.0,0.0
2022-09-02,38.29,1095000.0,0.0,0.0
2022-09-03,38.29,1095000.0,0.0,0.0
2022-09-04,38.29,1095000.0,0.0,0.0
2022-09-05,38.01,1257000.0,0.0,0.0
2022-09-06,37.65,1498300.0,0.0,0.0
2022-09-07,36.29,2462800.0,0.0,0.0
2022-09-08,36.11,1169900.0,0.0,0.0
2022-09-09,36.47,650000.0,0.0,0.0
2022-09-10,36.47,650000.0,0.0,0.0
2022-09-11,36.47,650000.0,0.1656306665390731,0.0
2022-09-12,36.52,468370.0,0.5209997433962094,0.9645441856700927
2022-09-13,36.38,538738.0,0.0,0.0642857663333416
2022-09-14,35.75,1068452.0,0.0,0.0
2022-09-15,35.66,724468.0,0.0,0.0
2022-09-16,35.52,693196.0,0.041636124253273,0.0
2022-09-17,35.52,693196.0,-0.3831496424973011,0.0
2022-09-18,35.52,693196.0,0.0,0.0
2022-09-19,34.48,1122580.0,0.0,0.0
2022-09-20,34.48,1326323.0,0.0,0.0
2022-09-21,34.39,699658.0,0.0,0.0
2022-09-22,34.07,1460066.0,0.1536636552773416,0.0
2022-09-23,33.75,1750390.0,0.0,0.0
2022-09-24,33.75,1750390.0,0.0,0.0
2022-09-25,33.75,1750390.0,0.0,0.0
2022-09-26,32.75,1477926.0,0.0,0.0
2022-09-27,32.12,1338893.0,0.0,0.0
2022-09-28,31.66,718188.0,0.0,0.0
2022-09-29,31.16,945663.0,0.0,0.0
2022-09-30,29.85,2003377.0,0.0,0.0
2022-10-01,29.85,2003377.0,0.0,0.0
2022-10-02,29.85,2003377.0,0.0,0.0
2022-10-03,29.35,1340607.0,0.0,0.0
2022-10-04,29.03,1241099.0,0.0,0.0
2022-10-05,29.94,987657.0,0.0,0.0
2022-10-06,29.21,899400.0,0.0,0.0
2022-10-07,28.85,1371950.0,0.0,0.0
2022-10-08,28.85,1371950.0,0.0,-0.663274459540844
2022-10-09,28.85,1371950.0,0.0,0.9412061132024974
2022-10-10,30.39,1485388.0,0.0,0.0
2022-10-11,29.94,1433667.0,0.0,0.0
2022-10-12,30.76,1434488.0,0.0,0.0
2022-10-13,30.570000000000004,513585.0,0.451593801068763,0.0
2022-10-14,30.57,1056501.0,0.2036354861089161,0.0
2022-10-15,30.57,1056501.0,-0.3439737241715193,0.0
2022-10-16,30.57,1056501.0,0.0,0.0
2022-10-17,29.85,880460.0,0.0,0.0
2022-10-18,30.17,626479.0,0.0,0.9183691502548754
2022-10-19,30.17,651489.0,0.1301690544933081,0.0
2022-10-20,30.39,932480.0,-0.5675031481077895,0.0
2022-10-21,28.58,1846194.0,0.0,0.0
2022-10-22,28.58,1846194.0,0.0,0.0
2022-10-23,28.58,1846194.0,0.0,0.0
2022-10-24,26.58,1452835.0,-0.7053089478285983,0.0
2022-10-25,25.4,1631595.0,-0.322260529268533,0.0
2022-10-26,25.18,627605.0,0.0,0.0
2022-10-27,26.4,668837.0,0.0,0.0
2022-10-28,26.31,594136.0,0.0,0.0
2022-10-29,26.31,594136.0,0.0,0.03784400597214699
2022-10-30,26.31,594136.0,0.4243163079954684,0.0
2022-10-31,25.860000000000003,855535.0,0.1868522837758065,0.0
2022-11-01,26.4,788042.0,0.0,-0.18924769014120102
2022-11-02,26.58,579594.0,0.0,0.0
2022-11-03,26.54,595659.0,0.0,-0.8622449859976768
2022-11-04,26.13,1051556.0,0.0,0.0
2022-11-05,26.13,1051556.0,0.0,0.0
2022-11-06,26.13,1051556.0,0.0,0.0
2022-11-07,26.17,686566.0,0.0,0.9270926550962031
2022-11-08,26.72,758091.0,0.0,-0.06922544538974762
2022-11-09,27.33,666758.0,0.0,0.09733215719461441
2022-11-10,25.54,1090682.0,0.0,0.0
2022-11-11,25.72,528701.0,0.06874234031420201,0.0
2022-11-12,25.72,528701.0,-0.5207866278942676,0.0
2022-11-13,25.72,528701.0,-0.09599984561403588,0.0
2022-11-14,25.06,794131.0,-0.39858804536717274,0.0
2022-11-15,23.31,1350183.0,-0.9144921228289605,0.0
2022-11-16,24.59,2378708.0,0.3936174415866845,0.0
2022-11-17,24.26,1226216.0,0.31845087411680384,0.07225731387734413
2022-11-18,23.74,1124284.0,0.0,0.0
2022-11-19,23.74,1124284.0,0.0,0.0
2022-11-20,23.74,1124284.0,0.0,0.0
2022-11-21,23.93,782169.0,0.0,0.0
2022-11-22,24.78,1833152.0,0.0,0.0
2022-11-23,25.2,1551764.0,-0.6351909685569505,0.0
2022-11-24,26.01,1306009.0,0.0,0.0
2022-11-25,26.72,1245013.0,0.6207228414714338,0.0
2022-11-26,26.72,1245013.0,0.6375358751043677,0.0
2022-11-27,26.72,1245013.0,0.859744526213035,0.0
2022-11-28,27.76,1208629.0,0.0,0.0
2022-11-29,27.99,1819754.0,0.0,0.0
2022-11-30,27.9,966594.0,0.0,0.0
2022-12-01,29.32,1605226.0,0.0,0.0
2022-12-02,29.74,1049317.0,0.0,0.0
2022-12-03,29.74,1049317.0,0.8363886601291597,0.0
2022-12-04,29.74,1049317.0,0.5088551006629133,0.0
2022-12-05,30.31,888734.0,0.5388387350637156,0.0
2022-12-06,28.56,1087120.0,0.11526368901302864,0.0
2022-12-07,27.62,728122.0,0.47396452967077496,0.0
2022-12-08,28.18,1029225.0,0.7259025963333746,0.0
2022-12-09,28.75,643276.0,0.5180123702157289,0.0
2022-12-10,28.75,643276.0,0.0,0.0
2022-12-11,28.75,643276.0,0.0,0.0
2022-12-12,29.41,859901.0,0.0,0.0
2022-12-13,29.7,898024.0,0.3969127908349037,0.0
2022-12-14,29.65,472778.0,0.3276897855103017,0.0
2022-12-15,29.55,369740.0,0.0,0.0
2022-12-16,29.32,1115754.0,0.0,0.0
2022-12-17,29.32,1115754.0,0.0,0.0
2022-12-18,29.32,1115754.0,0.0,0.0
2022-12-19,28.75,490984.0,0.0,0.0
2022-12-20,27.76,997877.0,0.0,0.0
2022-12-21,27.9,606848.0,0.014582142499940817,0.0
2022-12-22,28.99,608761.0,0.0,0.0
2022-12-23,29.22,465889.0,0.0,0.0
2022-12-24,29.22,465889.0,0.0,-0.4106449522078037
2022-12-25,29.22,465889.0,0.0,0.0
2022-12-26,28.56,752837.0,-0.9671550292987376,0.0
2022-12-27,28.94,423190.0,0.27187978323282935,0.0
2022-12-28,29.79,735015.0,0.4654288411627271,0.0
2022-12-29,29.65,748676.0,0.4023912809789181,0.0
2022-12-30,29.98,512834.0,0.0,0.0
2022-12-31,29.98,512834.0,0.0,0.0
2023-01-01,29.98,512834.0,0.0,0.0
2023-01-02,29.98,512834.0,0.0,0.0
2023-01-03,31.16,744524.0,0.0,0.0
2023-01-04,33.34,1545009.0,0.3244278442580253,0.0
2023-01-05,33.86,971085.0,0.5826870950404555,0.0
2023-01-06,33.2,902179.0,0.0,0.0
2023-01-07,33.2,902179.0,0.0,0.0
2023-01-08,33.2,902179.0,0.0,0.0
2023-01-09,33.57,544542.0,0.0,0.0
2023-01-10,34.85,966266.0,0.0,-0.944676018320024
2023-01-11,35.23,1601556.0,0.0,0.0
2023-01-12,35.09,605900.0,0.0,0.0
2023-01-13,35.04,682538.0,0.0,0.0
2023-01-14,35.04,682538.0,0.0,0.0
2023-01-15,35.04,682538.0,0.0,0.0
2023-01-16,34.8,424699.0,0.0,0.0
2023-01-17,35.32,605540.0,0.0,0.0
2023-01-18,35.94,630001.0,0.0,0.0
2023-01-19,35.94,447871.0,0.0,0.0
2023-01-20,35.94,447871.0,0.0,0.0
2023-01-21,35.94,447871.0,0.0,0.0
2023-01-22,35.94,447871.0,0.0,0.0
2023-01-23,35.94,447871.0,0.0,0.0
2023-01-24,35.94,447871.0,0.0,0.0
2023-01-25,35.94,447871.0,0.0,0.0
2023-01-26,35.94,447871.0,0.0,0.0
2023-01-27,36.03,478262.0,0.0,0.0
2023-01-28,36.03,478262.0,0.0,0.0
2023-01-29,36.03,478262.0,0.0,0.0
2023-01-30,35.04,687302.0,0.0,0.0
2023-01-31,34.8,741225.0,0.550919333472848,0.0
2023-02-01,34.28,1294580.0,0.0,0.0
2023-02-02,34.24,525416.0,0.0,0.0
2023-02-03,35.28,800940.0,0.0,0.0
2023-02-04,35.28,800940.0,0.0,0.0
2023-02-05,35.28,800940.0,0.0,0.0
2023-02-06,36.7,1442973.0,0.0,0.0
2023-02-07,36.88,1467731.0,0.121576368210039,0.08560261875391006
2023-02-08,35.18,730353.0,0.5996428544832659,0.0
2023-02-09,35.84,455135.0,0.0,0.0
2023-02-10,36.22,852938.0,0.0,0.9685020195320249
2023-02-11,36.22,852938.0,0.0,0.0
2023-02-12,36.22,852938.0,0.0,0.0
2023-02-13,35.84,463877.0,0.0,0.0
2023-02-14,35.94,210118.0,0.0,0.0
2023-02-15,36.65,680556.0,0.5073509949725121,0.0
2023-02-16,36.88,716626.0,0.3154741632234719,0.0
2023-02-17,36.51,416394.0,0.0,0.0
2023-02-18,36.51,416394.0,0.0,0.0
2023-02-19,36.51,416394.0,0.0,0.0
2023-02-20,37.26,696303.0,0.0,0.0
2023-02-21,38.4,1821444.0,0.0,0.0
2023-02-22,36.13,861383.0,0.0,0.0
2023-02-23,36.27,1362722.0,0.0,0.0
2023-02-24,35.65,386942.0,0.0,0.0
2023-02-25,35.65,386942.0,0.0,0.0
2023-02-26,35.65,386942.0,0.0,0.0
2023-02-27,35.04,726915.0,0.0,0.0
2023-02-28,35.28,240864.0,0.0,0.0
2023-03-01,36.55,495352.0,0.0,0.0
2023-03-02,36.55,382021.0,0.0,0.0
2023-03-03,36.7,372354.0,0.0,0.0
2023-03-04,36.7,372354.0,0.0,0.0
2023-03-05,36.7,372354.0,0.0,0.0
2023-03-06,36.79,600817.0,0.0,0.0
2023-03-07,36.88,684493.0,0.0,0.0
2023-03-08,36.79,413727.0,0.8738233834737912,0.0
2023-03-09,36.88,664062.0,0.48403584881452844,0.0
2023-03-10,36.08,653681.0,0.0,0.0
2023-03-11,36.08,653681.0,0.0,0.0
2023-03-12,36.08,653681.0,0.0,0.0
2023-03-13,35.99,651121.0,0.0,0.0
2023-03-14,35.09,782127.0,0.0,0.0
2023-03-15,35.61,724720.0,0.45547238867729906,0.0
2023-03-16,34.38,1373017.0,-0.13337891579916084,0.0
2023-03-17,33.48,5502578.0,0.0,0.0
2023-03-18,33.48,5502578.0,0.0,0.0
2023-03-19,33.48,5502578.0,0.0,0.0
2023-03-20,33.48,1316040.0,0.0,0.0
2023-03-21,32.82,1550999.0,0.0,0.0
2023-03-22,32.82,1568181.0,0.49841910449322313,0.0
2023-03-23,33.91,2018484.0,0.3052248179912567,0.0
2023-03-24,34.38,1052355.0,0.4808993272017688,0.0
2023-03-25,34.38,1052355.0,0.0,0.0
2023-03-26,34.38,1052355.0,0.0,0.0
2023-03-27,33.76,913426.0,0.0,0.0
2023-03-28,33.86,577552.0,0.0,0.0
2023-03-29,34.05,588084.0,0.0,0.0
2023-03-30,34.9,1565649.0,0.3877635419900929,0.0
2023-03-31,35.42,2458985.0,0.0,0.8913789656944573
2023-04-01,35.42,2458985.0,0.0,0.0
2023-04-02,35.42,2458985.0,0.0,0.0
2023-04-03,35.47,1452451.0,0.5026037199422717,0.0
2023-04-04,35.89,1627668.0,0.1233585748355836,0.0
2023-04-05,35.99,966043.0,0.0703548528254032,0.0
2023-04-06,35.32,1259657.0,0.0,0.0
2023-04-07,35.65,1153646.0,0.0,0.0
2023-04-08,35.65,1153646.0,0.0,0.0
2023-04-09,35.65,1153646.0,0.0,0.0
2023-04-10,35.28,1303919.0,0.1618657515177297,0.0
2023-04-11,34.95,793575.0,0.4113997175461716,0.0
2023-04-12,34.99,561916.0,0.1119935810565948,0.0
2023-04-13,35.18,580434.0,0.0,0.0
2023-04-14,34.52,588315.0,0.0,0.0
2023-04-15,34.52,588315.0,-0.9636291451752188,0.0
2023-04-16,34.52,588315.0,-0.38536345213651657,0.0
2023-04-17,34.14,607481.0,0.368176171866556,0.0
2023-04-18,34.8,492954.0,0.2475123200565576,0.0
2023-04-19,34.43,324936.0,0.0,0.0
2023-04-20,34.47,407986.0,0.0,0.0
2023-04-21,34.76,573973.0,0.0,0.0
2023-04-22,34.76,573973.0,0.0,0.0
2023-04-23,34.76,573973.0,0.0,0.0
2023-04-24,34.76,361009.0,0.0,0.0
2023-04-25,34.43,338159.0,0.0,0.0
2023-04-26,34.9,489281.0,0.2646792717278004,0.0
2023-04-27,35.42,853140.0,0.21205336336667333,0.0
2023-04-28,35.42,350269.0,0.639700448450943,0.0
2023-04-29,35.42,350269.0,0.29213312081992626,0.0
2023-04-30,35.42,350269.0,0.0,0.0
2023-05-01,35.42,350269.0,0.0,0.0
2023-05-02,35.42,350269.0,0.0,0.0
2023-05-03,35.42,350269.0,0.0,0.0
2023-05-04,35.42,662459.0,0.0,0.0
2023-05-05,35.75,1144379.0,0.0,0.0
2023-05-06,35.75,1144379.0,0.0,0.0
2023-05-07,35.75,1144379.0,0.0,0.0
2023-05-08,35.75,676867.0,0.0,0.0
2023-05-09,35.94,659987.0,0.0,0.0
2023-05-10,35.7,627098.0,0.0,0.0
2023-05-11,35.7,590115.0,0.0,0.0
2023-05-12,35.51,552065.0,0.0,0.0
2023-05-13,35.51,552065.0,0.0,0.0
2023-05-14,35.51,552065.0,0.0,0.0
2023-05-15,35.75,695698.0,0.0,-0.33949076384305954
2023-05-16,35.99,987603.0,0.0,0.0
2023-05-17,35.47,598368.0,0.0,0.0
2023-05-18,35.42,446091.0,0.0,0.0
2023-05-19,35.56,625167.0,-0.4362690499983728,0.0
2023-05-20,35.56,625167.0,-0.028265949959556308,0.0
2023-05-21,35.56,625167.0,0.0723894778639078,0.0
2023-05-22,35.7,499289.0,0.0,0.0
2023-05-23,35.47,553593.0,0.0,0.0
2023-05-24,35.28,606559.0,0.0,0.0
2023-05-25,35.32,375506.0,0.0,0.0
2023-05-26,35.61,737912.0,0.0,0.0
2023-05-27,35.61,737912.0,0.0,0.0
2023-05-28,35.61,737912.0,0.0,0.0
2023-05-29,35.84,868705.0,0.8376230111212604,0.0
2023-05-30,35.84,507956.0,0.4100417069159448,0.0
2023-05-31,35.47,950240.0,-0.0333573237682383,0.0
2023-06-01,35.42,417118.0,0.387187366373837,0.0
2023-06-02,36.17,1189394.0,0.4695407054387033,0.0
2023-06-03,36.17,1189394.0,0.0,0.0
2023-06-04,36.17,1189394.0,0.0,0.0
2023-06-05,36.98,1442179.0,0.0,0.0
2023-06-06,36.79,690527.0,0.0,0.0
2023-06-07,36.79,1273069.0,0.22763901935624228,0.0
2023-06-08,36.22,541009.0,0.1355050876736641,0.0
2023-06-09,35.94,591277.0,0.416559136559954,0.0
2023-06-10,35.94,591277.0,0.7087985166581349,0.0
2023-06-11,35.94,591277.0,0.30131205637007963,0.0
2023-06-12,35.89,570223.0,0.0,0.0
2023-06-13,35.99,420185.0,0.0,0.34568942338228226
2023-06-14,35.99,436764.0,0.0,0.0
2023-06-15,36.22,1436676.0,0.0,0.0
2023-06-16,35.18,621083.0,0.0,0.0
2023-06-17,35.18,621083.0,0.0,0.0
2023-06-18,35.18,621083.0,0.0,0.0
2023-06-19,35.18,750739.0,0.0,0.0
2023-06-20,35.18,556311.0,0.5738057695329191,0.0
2023-06-21,35.47,455025.0,0.2124374213162809,0.0
2023-06-22,35.61,381244.0,0.5441558483677605,0.0
2023-06-23,35.47,686755.0,0.0,0.0
2023-06-24,35.47,686755.0,0.0,0.0
2023-06-25,35.47,686755.0,0.0,0.0
2023-06-26,35.51,830371.0,0.0,0.0
2023-06-27,36.08,859176.0,0.0,0.0
2023-06-28,36.03,410237.0,0.6797540383413434,0.0
2023-06-29,35.47,689478.0,0.3746877457597293,0.9118325780145824
2023-06-30,35.32,444188.0,0.0,0.0
2023-07-01,35.32,444188.0,0.0,0.0
2023-07-02,35.32,444188.0,0.0,0.0
2023-07-03,35.61,379269.0,0.0,0.0
2023-07-04,37.69,3703966.0,0.0,0.0
2023-07-05,38.11,2214796.0,0.0,0.0
2023-07-06,38.11,2372197.0,0.0,0.0
2023-07-07,38.11,1478909.0,0.0,0.0
2023-07-08,38.11,1478909.0,0.19328724592924118,0.0
2023-07-09,38.11,1478909.0,0.4988177306950093,0.0
2023-07-10,39.53,2415584.0,0.09749296680092812,0.0
2023-07-11,39.01,1677648.0,0.0,0.0
2023-07-12,39.25,1187672.0,0.0,0.0
2023-07-13,39.15,1143117.0,0.0,0.0
2023-07-14,38.68,1706389.0,0.0,0.18288177996873856
2023-07-15,38.68,1706389.0,0.0,0.0
2023-07-16,38.68,1706389.0,0.0,0.0
2023-07-17,38.73,2240171.0,0.0,0.0
2023-07-18,38.35,1122551.0,0.0,0.0
2023-07-19,37.92,1401703.0,0.0,0.0
2023-07-20,37.55,2116820.0,0.0,0.0
2023-07-21,38.3,1741395.0,0.0,0.0
2023-07-22,38.3,1741395.0,0.0,0.0
2023-07-23,38.3,1741395.0,0.0,0.0
2023-07-24,38.11,1713518.0,0.0,0.0
2023-07-25,38.11,1969771.0,0.0,0.0
2023-07-26,38.3,1219492.0,0.0,0.0
2023-07-27,37.74,2128074.0,0.0,0.0
2023-07-28,37.88,1595657.0,0.0,0.0
2023-07-29,37.88,1595657.0,0.0,0.0
2023-07-30,37.88,1595657.0,0.0,0.0
2023-07-31,39.25,2752199.0,0.0,0.0
2023-08-01,38.78,3005161.0,0.0,0.0
2023-08-02,38.73,1348043.0,0.0,0.0
2023-08-03,37.92,2016664.0,0.0,0.690997876226902
2023-08-04,38.11,1482472.0,0.0,0.0
2023-08-05,38.11,1482472.0,0.0,0.0
2023-08-06,38.11,1482472.0,0.0,0.0
2023-08-07,38.3,1475174.0,0.0,0.0
2023-08-08,38.68,2949646.0,0.0,0.0
2023-08-09,38.49,1236142.0,0.0,0.0
2023-08-10,38.59,2426641.0,0.0,0.0
2023-08-11,38.44,1140355.0,0.0,-0.39824114367365837
2023-08-12,38.44,1140355.0,0.0,0.0
2023-08-13,38.44,1140355.0,0.0,0.0
2023-08-14,38.35,1197172.0,0.0,0.0
2023-08-15,38.16,1208223.0,0.0,0.0
2023-08-16,38.07,1006317.0,0.0,0.0
2023-08-17,37.59,1615948.0,0.0,0.0
2023-08-18,35.32,2703256.0,0.0,0.2057513613253832
2023-08-19,35.32,2703256.0,0.0,0.0
2023-08-20,35.32,2703256.0,0.0,0.0
2023-08-21,35.47,878283.0,0.0,0.0
2023-08-22,35.65,1253189.0,0.0,0.0
2023-08-23,35.37,1209515.0,0.0,0.0
2023-08-24,35.75,583949.0,0.0,0.0
2023-08-25,35.51,933995.0,0.0,0.0
2023-08-26,35.51,933995.0,0.0,0.0
2023-08-27,35.51,933995.0,0.0,0.0
2023-08-28,36.08,936488.0,0.0,0.0
2023-08-29,35.99,798424.0,0.0,0.0
2023-08-30,36.32,804114.0,0.5059861261397601,0.0
2023-08-31,36.46,729669.0,0.0,0.0
2023-09-01,36.46,729669.0,0.0,0.0
2023-09-02,36.46,729669.0,0.0,0.0
2023-09-03,36.46,729669.0,0.0,0.0
2023-09-04,36.46,729669.0,0.0,0.0
2023-09-05,37.03,1240789.0,0.0,0.0
2023-09-06,37.17,743998.0,0.0,0.0
2023-09-07,37.22,832586.0,0.0,0.0
2023-09-08,37.26,972735.0,0.0,0.0
2023-09-09,37.26,972735.0,0.0,0.0
2023-09-10,37.26,972735.0,0.0,0.0
2023-09-11,37.69,2042574.0,0.0,0.0
2023-09-12,37.83,685857.0,0.0,0.0
2023-09-13,38.11,2267494.0,0.0,0.0
2023-09-14,37.83,1097773.0,0.0,0.0
2023-09-15,37.97,1806046.0,0.0,0.0
2023-09-16,37.97,1806046.0,0.0,0.0
2023-09-17,37.97,1806046.0,0.0,0.0
2023-09-18,37.45,1405870.0,0.0,0.0
2023-09-19,37.74,653178.0,0.0,0.0
2023-09-20,38.21,1060515.0,0.0,0.0
2023-09-21,38.3,972954.0,0.0,0.0
2023-09-22,37.68,1040527.0,0.0,0.0
2023-09-23,37.68,1040527.0,0.0,0.0
2023-09-24,37.68,1040527.0,0.0,0.0
2023-09-25,36.09,1156166.0,0.0,0.0
2023-09-26,35.71,1065330.0,0.0,0.0
2023-09-27,35.18,1673830.0,0.0,0.0
2023-09-28,36.33,1126628.0,0.0,0.0
2023-09-29,36.09,435855.0,0.0,0.0
2023-09-30,36.09,435855.0,0.0,0.0
2023-10-01,36.09,435855.0,0.0,0.0
2023-10-02,36.09,568386.0,0.0,0.0
2023-10-03,34.65,1026654.0,0.0,0.0
2023-10-04,34.89,784858.0,0.0,0.0
2023-10-05,33.11,1531172.0,0.0,0.0
2023-10-06,33.68,2194708.0,0.0,0.0
2023-10-07,33.68,2194708.0,-0.0755798717339834,0.0
2023-10-08,33.68,2194708.0,-0.3014782078874609,0.8748442274518311
2023-10-09,34.36,1552963.0,0.1401183791458607,0.0
2023-10-10,34.65,1524977.0,0.10730065545067191,0.0
2023-10-11,35.51,1353444.0,0.0,0.0
2023-10-12,35.32,1062329.0,0.0,0.0
2023-10-13,35.32,1299953.0,0.0,0.0
2023-10-14,35.32,1299953.0,0.0,0.0
2023-10-15,35.32,1299953.0,0.0,0.0
2023-10-16,35.42,1012478.0,0.0,0.0
2023-10-17,34.65,1005987.0,0.0,0.0
2023-10-18,33.68,1300180.0,0.0,0.0
2023-10-19,33.68,593520.0,0.0,0.0
2023-10-20,34.07,610773.0,-0.5844080385752023,0.0
2023-10-21,34.07,610773.0,0.0,0.0
2023-10-22,34.07,610773.0,0.0,0.0
2023-10-23,34.02,377273.0,0.0,0.0
2023-10-24,34.17,303488.0,0.0,0.0
2023-10-25,34.02,374121.0,0.0,0.0
2023-10-26,31.660000000000004,1804106.0,-0.09207884697243568,0.0
2023-10-27,31.76,636725.0,0.0,0.0
2023-10-28,31.76,636725.0,0.0,0.0
2023-10-29,31.76,636725.0,0.0,0.0
2023-10-30,31.61,267246.0,0.0,0.0
2023-10-31,30.7,980950.0,0.0,0.9688917282037437
2023-11-01,31.09,633514.0,0.0,0.0
2023-11-02,32.14,768585.0,0.0,0.0
2023-11-03,31.86,572145.0,0.0,0.0
2023-11-04,31.86,572145.0,0.0,0.0
2023-11-05,31.86,572145.0,0.0,0.0
2023-11-06,32.0,367461.0,0.29571389593184,0.0
2023-11-07,31.9,482626.0,0.432331896503456,0.0
2023-11-08,32.91,968669.0,0.0,0.6967635648325086
2023-11-09,32.67,844233.0,0.0,0.0
2023-11-10,32.1,745143.0,0.0,0.0
2023-11-11,32.1,745143.0,0.0,0.0
2023-11-12,32.1,745143.0,0.0,0.0
2023-11-13,32.1,603847.0,0.0,0.0
2023-11-14,32.24,729877.0,0.0,0.0
2023-11-15,32.72,1186518.0,0.0,0.0
2023-11-16,33.15,791252.0,0.0,0.0
2023-11-17,32.24,897879.0,0.0,0.0
2023-11-18,32.24,897879.0,0.0,0.0
2023-11-19,32.24,897879.0,0.0,0.0
2023-11-20,32.24,958688.0,0.0,0.0
2023-11-21,32.53,911136.0,0.0,0.0
2023-11-22,32.77,839265.0,0.0,0.0
2023-11-23,32.43,874823.0,0.0,0.0
2023-11-24,32.14,778636.0,0.0,0.0
2023-11-25,32.14,778636.0,0.0,0.0
2023-11-26,32.14,778636.0,0.0,0.0
2023-11-27,32.34,630515.0,0.0,0.0
2023-11-28,32.43,663805.0,0.0,0.0
2023-11-29,34.45,3137067.0,0.7957087127142587,0.0
2023-11-30,33.78,818158.0,0.774521293467842,0.0
2023-12-01,33.88,923930.0,0.0,0.0
2023-12-02,33.88,923930.0,0.0,0.0
2023-12-03,33.88,923930.0,0.0,0.0
2023-12-04,34.17,935439.0,0.0,0.0
2023-12-05,34.21,885638.0,0.1010839982579152,0.0
2023-12-06,34.55,721089.0,0.42871860694140196,0.0
2023-12-07,33.83,956614.0,0.0,0.0
2023-12-08,34.31,629925.0,0.0,0.0
2023-12-09,34.31,629925.0,0.0,0.0
2023-12-10,34.31,629925.0,0.0,0.0
2023-12-11,34.31,372426.0,0.0,0.0
2023-12-12,34.12,547575.0,0.5304365346673877,0.0
2023-12-13,33.4,939802.0,0.3554600328207016,0.0
2023-12-14,33.06,442388.0,0.0,0.0
2023-12-15,33.01,448090.0,-0.011104964651167393,0.0
2023-12-16,33.01,448090.0,-0.013232104480266502,0.0
2023-12-17,33.01,448090.0,0.0,0.0
2023-12-18,32.63,352381.0,-0.5032540362638732,0.0
2023-12-19,32.67,305008.0,0.0,0.0
2023-12-20,33.11,267145.0,0.0,0.9804543519858271
2023-12-21,32.72,358786.0,0.0,0.0
2023-12-22,32.53,635929.0,0.0,0.0
2023-12-23,32.53,635929.0,0.0,0.9750008441042155
2023-12-24,32.53,635929.0,0.0,0.0
2023-12-25,33.35,674467.0,0.5224349307827653,0.0
2023-12-26,33.15,782903.0,0.35931108240038157,0.0
2023-12-27,33.15,457274.0,0.407804145788153,0.0
2023-12-28,33.2,963315.0,0.0,0.0
2023-12-29,33.2,523085.0,0.0,0.0
2023-12-30,33.2,523085.0,0.0,0.0
2023-12-31,33.2,523085.0,0.0,0.0
2024-01-01,33.2,523085.0,0.0,0.0
2024-01-02,33.25,634812.0,0.0,0.0
2024-01-03,33.59,808042.0,0.0,0.0
2024-01-04,33.78,1705055.0,0.0,0.0
2024-01-05,33.88,1409079.0,0.0,0.0
2024-01-06,33.88,1409079.0,0.0,0.0
2024-01-07,33.88,1409079.0,0.1638305688199277,0.0
2024-01-08,33.97,1404589.0,0.712558526545763,0.0
2024-01-09,33.35,498609.0,0.0,0.0
2024-01-10,33.54,605412.0,0.0,0.0
2024-01-11,34.12,1123425.0,0.0,0.0
2024-01-12,33.64,1009605.0,0.0,0.0
2024-01-13,33.64,1009605.0,0.0,0.0
2024-01-14,33.64,1009605.0,0.0,0.0
2024-01-15,33.35,322356.0,0.0,0.0
2024-01-16,33.44,311875.0,0.0,0.3938554748892784
2024-01-17,33.25,545724.0,0.2696900131284362,0.0
2024-01-18,33.2,339406.0,0.39421241763047876,0.0
2024-01-19,33.54,588898.0,0.0,0.0
2024-01-20,33.54,588898.0,0.0,0.0
2024-01-21,33.54,588898.0,0.0,0.0
2024-01-22,33.44,314639.0,0.0,0.0
2024-01-23,33.54,351684.0,0.0,0.0
2024-01-24,33.35,348882.0,0.0,0.0
2024-01-25,33.2,275454.0,0.0,0.0
2024-01-26,33.2,280924.0,0.0,0.0
2024-01-27,33.2,280924.0,0.0,0.0
2024-01-28,33.2,280924.0,0.0,0.0
2024-01-29,33.4,384441.0,0.0,0.0
2024-01-30,33.44,323918.0,0.0,0.0
2024-01-31,33.3,540842.0,0.0,0.0
2024-02-01,33.3,394430.0,0.366935508325696,0.0
2024-02-02,33.3,506928.0,0.6755584059283137,0.0
2024-02-03,33.3,506928.0,0.0,0.0
2024-02-04,33.3,506928.0,0.0,0.0
2024-02-05,33.25,589442.0,0.0,0.0
2024-02-06,33.4,359358.0,0.0,0.0
2024-02-07,33.44,523842.0,0.0,0.0
2024-02-08,33.44,523842.0,0.0,0.0
2024-02-09,33.44,523842.0,0.0,0.0
2024-02-10,33.44,523842.0,0.0,0.6911045853048563
2024-02-11,33.44,523842.0,0.0,0.0
2024-02-12,33.44,523842.0,0.0,0.0
2024-02-13,33.44,523842.0,0.0,0.0
2024-02-14,33.44,523842.0,0.0,0.0
2024-02-15,33.97,737296.0,0.0,0.0
2024-02-16,33.97,517352.0,0.0,0.0
2024-02-17,33.97,517352.0,0.0,0.0
2024-02-18,33.97,517352.0,0.8626914860215039,0.0
2024-02-19,34.89,1887745.0,0.7259083259850742,0.0
2024-02-20,34.74,953097.0,0.0,0.0
2024-02-21,34.41,890366.0,0.0,0.0
2024-02-22,34.5,1340903.0,0.0,0.0
2024-02-23,33.78,1447710.0,0.0,0.0
2024-02-24,33.78,1447710.0,0.0,0.0
2024-02-25,33.78,1447710.0,0.0,0.0
2024-02-26,33.88,444511.0,0.0,0.0
2024-02-27,34.31,1008741.0,0.7474853694050884,0.0
2024-02-28,34.84,2211861.0,0.9488649456761779,0.0
2024-02-29,34.5,839625.0,0.0,0.0
2024-03-01,34.55,717942.0,0.0,0.0
2024-03-02,34.55,717942.0,0.0,0.0
2024-03-03,34.55,717942.0,0.0,0.0
2024-03-04,34.6,933388.0,0.0,0.0
2024-03-05,34.6,708348.0,0.0,0.0
2024-03-06,34.89,1721377.0,0.0,0.0
2024-03-07,36.09,2774817.0,0.5611665858887136,0.0
2024-03-08,35.42,1455828.0,0.008948807371780276,0.0
2024-03-09,35.42,1455828.0,0.0,0.0
2024-03-10,35.42,1455828.0,0.0,0.0
2024-03-11,34.6,1224731.0,0.0,0.7576254289597273
2024-03-12,34.98,880758.0,0.5901915054613104,0.0
2024-03-13,35.71,1173188.0,-0.12304881215095528,0.0
2024-03-14,35.95,2857679.0,0.3259367743351807,0.0
2024-03-15,36.23,1565504.0,0.0,0.0
2024-03-16,36.23,1565504.0,0.0,0.0
2024-03-17,36.23,1565504.0,0.0,0.0
2024-03-18,35.13,2849484.0,0.0,0.0
2024-03-19,36.04,1382396.0,0.0,0.0
2024-03-20,36.04,1272290.0,0.0,0.0
2024-03-21,37.0,3063058.0,0.0,0.0
2024-03-22,36.57,1528959.0,0.0,0.0
2024-03-23,36.57,1528959.0,0.0,0.0
2024-03-24,36.57,1528959.0,0.0,0.0
2024-03-25,35.99,1721225.0,0.0,0.0
2024-03-26,36.57,929373.0,0.8820489739300684,0.0
2024-03-27,36.57,1294708.0,0.3069520307471976,0.0
2024-03-28,36.14,1266217.0,0.19711613305844367,0.0
2024-03-29,35.9,1119314.0,0.0,0.0
2024-03-30,35.9,1119314.0,0.0,0.0
2024-03-31,35.9,1119314.0,0.0,0.0
2024-04-01,36.04,682747.0,0.0,0.0
2024-04-02,36.47,1468071.0,0.0,0.0
2024-04-03,36.19,983200.0,0.0,0.0
2024-04-04,35.75,963268.0,0.0,0.0
2024-04-05,35.75,1296523.0,0.0,0.0
2024-04-06,35.75,1296523.0,0.32488085826238,0.0
2024-04-07,35.75,1296523.0,0.35227026138454676,0.0
2024-04-08,35.66,541118.0,0.021159051418570496,0.0
2024-04-09,35.75,437947.0,0.4017763918964193,0.0
2024-04-10,35.22,864131.0,0.0,0.0
2024-04-11,34.94,826973.0,0.110027630502979,0.0
2024-04-12,35.46,446121.0,0.599507337785326,0.0
2024-04-13,35.46,446121.0,0.0,0.0
2024-04-14,35.46,446121.0,0.0,0.0
2024-04-15,34.65,927997.0,0.0,0.0
2024-04-16,34.6,787402.0,0.0,0.0
2024-04-17,33.97,449224.0,0.0,0.0
2024-04-18,33.97,449224.0,0.0,0.0
2024-04-19,33.35,518813.0,0.0,0.0
2024-04-20,33.35,518813.0,0.0,0.0
2024-04-21,33.35,518813.0,0.0,0.0
2024-04-22,33.35,411792.0,0.0,0.0
2024-04-23,33.68,421100.0,0.0,0.0
2024-04-24,33.92,742886.0,0.0,0.0
2024-04-25,33.78,219805.0,0.0,0.0
2024-04-26,34.36,422484.0,0.0,0.0
2024-04-27,34.36,422484.0,0.0,0.0
2024-04-28,34.36,422484.0,0.0,0.0
2024-04-29,34.36,422484.0,0.0,0.0
2024-04-30,34.36,422484.0,0.0,0.0
2024-05-01,34.36,422484.0,0.0,0.0
2024-05-02,34.45,421250.0,0.1254647622505824,0.9129363093525171
2024-05-03,34.65,519400.0,0.4629115198206689,0.0
2024-05-04,34.65,519400.0,0.6375687064137311,0.0
2024-05-05,34.65,519400.0,0.6165358368307352,0.0
2024-05-06,35.32,551512.0,0.6603983740011852,0.0
2024-05-07,37.24,3667823.0,0.0,0.0
2024-05-08,38.5,2987411.0,0.0,0.0
2024-05-09,38.69,2132572.0,0.0,0.0
2024-05-10,38.59,1934314.0,0.0,0.0
2024-05-11,38.59,1934314.0,0.0,0.0
2024-05-12,38.59,1934314.0,0.0,0.0
2024-05-13,38.35,1604669.0,0.03665787391364571,0.0
2024-05-14,37.5,1950446.0,0.91423566499725,0.35382844507694244
2024-05-15,38.2,1257406.0,0.523043560795486,0.0
2024-05-16,38.2,1778821.0,0.547327008098364,0.0
2024-05-17,37.95,2726222.0,0.0,0.0
2024-05-18,37.95,2726222.0,0.0,0.0
2024-05-19,37.95,2726222.0,0.0,0.0
2024-05-20,38.0,1631170.0,0.0,0.0
2024-05-21,37.5,2552910.0,0.0,0.0
2024-05-22,37.7,1576562.0,0.0,0.0
2024-05-23,40.3,5339203.0,0.0,0.0
2024-05-24,41.0,5372537.0,0.0,0.0
2024-05-25,41.0,5372537.0,0.0,0.0
2024-05-26,41.0,5372537.0,0.0,0.0
2024-05-27,41.3,3454500.0,0.0,0.0
2024-05-28,41.55,3262202.0,0.0,0.0
2024-05-29,41.5,4837209.0,0.0,0.0
2024-05-30,41.35,3178965.0,0.0,0.0
2024-05-31,41.0,1186375.0,0.0,0.0
2024-06-01,41.0,1186375.0,0.0,0.0
2024-06-02,41.0,1186375.0,0.0,0.0
2024-06-03,41.5,2571348.0,0.0,0.0
2024-06-04,41.7,2201852.0,0.0,0.0
2024-06-05,41.85,2445957.0,0.0,0.0
2024-06-06,41.9,2092206.0,0.0,0.0
2024-06-07,41.5,1544548.0,0.0,0.0
2024-06-08,41.5,1544548.0,0.0,0.0
2024-06-09,41.5,1544548.0,0.0,0.0
2024-06-10,41.95,1543970.0,0.0,0.0
2024-06-11,43.2,3783609.0,0.0,0.0
2024-06-12,43.1,1530392.0,0.0,0.0
2024-06-13,42.2,2331676.0,0.0,0.0
2024-06-14,40.5,3496473.0,0.0,0.0
2024-06-15,40.5,3496473.0,0.0,0.0
2024-06-16,40.5,3496473.0,0.0,0.0
2024-06-17,39.9,2125535.0,-0.0666080308146775,0.0
2024-06-18,41.0,1477556.0,0.9544129287824035,0.9092934937216341
2024-06-19,41.5,1027609.0,0.0,0.0
2024-06-20,41.3,1285549.0,0.0,0.0
2024-06-21,42.3,1971769.0,0.0,0.0
2024-06-22,42.3,1971769.0,0.0,0.0
2024-06-23,42.3,1971769.0,0.0,0.0
2024-06-24,40.75,2507110.0,0.0,0.0
2024-06-25,41.0,854544.0,0.0,0.0
2024-06-26,42.4,2057136.0,0.0,0.0
2024-06-27,41.3,1068657.0,0.0,0.0
2024-06-28,40.9,1456408.0,0.0,0.0
2024-06-29,40.9,1456408.0,0.0,0.0
2024-06-30,40.9,1456408.0,0.1593463732860983,0.0
2024-07-01,40.8,682864.0,-0.1750370549658934,0.0
2024-07-02,41.35,660904.0,0.0,0.0
2024-07-03,41.85,1462413.0,0.5872754184529185,0.0
2024-07-04,43.9,6019356.0,0.3353814312722534,0.0
2024-07-05,43.95,2476809.0,0.0,0.1419161632657051
2024-07-06,43.95,2476809.0,0.0,0.0
2024-07-07,43.95,2476809.0,0.0,0.0
2024-07-08,46.5,5316020.0,0.0,-0.20793886855244637
2024-07-09,46.0,1999558.0,0.0,0.0
2024-07-10,46.55,2764660.0,0.0,0.0
2024-07-11,46.8,2442096.0,0.0,0.0
2024-07-12,46.3,1818606.0,0.0,0.0
2024-07-13,46.3,1818606.0,0.0,0.0
2024-07-14,46.3,1818606.0,0.0,0.0
2024-07-15,48.0,2716682.0,0.0,0.0
2024-07-16,47.1,2057065.0,0.0,0.0
2024-07-17,45.0,3845770.0,0.0,0.0
2024-07-18,47.5,2700997.0,0.0,0.0
2024-07-19,46.9,2055687.0,0.0,0.0
2024-07-20,46.9,2055687.0,0.0,0.0
2024-07-21,46.9,2055687.0,0.0,0.0
2024-07-22,46.35,2145989.0,0.0,0.0
2024-07-23,45.5,2258904.0,0.0,0.0
2024-07-24,46.5,3365040.0,0.0,0.0
2024-07-25,46.35,1152907.0,0.0,-0.9740944872610271
2024-07-26,47.8,3342100.0,0.0,0.0
2024-07-27,47.8,3342100.0,0.0,0.0
2024-07-28,47.8,3342100.0,0.0,0.0
2024-07-29,47.8,1352000.0,0.0,0.0
2024-07-30,47.1,1699000.0,0.0,0.0
2024-07-31,45.9,3183900.0,0.0,0.0
2024-08-01,45.3,2571700.0,0.0,0.0
2024-08-02,47.5,2541300.0,0.0,0.2515698913484812
2024-08-03,47.5,2541300.0,0.0,0.0
2024-08-04,47.5,2541300.0,0.0,0.0
2024-08-05,45.5,2337800.0,0.0,0.0
2024-08-06,47.0,2129500.0,0.0,0.0
2024-08-07,47.8,1943600.0,0.0,-0.008360151201486588
2024-08-08,47.55,2286700.0,0.0,0.0
2024-08-09,48.0,1397300.0,0.0,0.0
2024-08-10,48.0,1397300.0,0.0,0.0
2024-08-11,48.0,1397300.0,0.0,0.0
2024-08-12,48.85,4056100.0,0.0,0.0
2024-08-13,48.85,2214600.0,0.0,0.0
2024-08-14,49.2,3083900.0,0.0,0.9183098562061787
2024-08-15,49.0,1244300.0,0.0,0.0
2024-08-16,50.6,4586000.0,0.0,0.0
2024-08-17,50.6,4586000.0,0.0,0.0
2024-08-18,50.6,4586000.0,0.0,0.0
2024-08-19,50.4,1223100.0,0.0,0.0
2024-08-20,49.45,2518500.0,0.0,0.0
2024-08-21,48.8,3224800.0,0.0,0.0
2024-08-22,49.0,1065800.0,0.0,0.0
2024-08-23,49.0,1218900.0,0.0,0.0
2024-08-24,49.0,1218900.0,0.0,0.0
2024-08-25,49.0,1218900.0,0.0,0.0
2024-08-26,48.55,1459100.0,0.0,0.0
2024-08-27,49.1,1207800.0,0.0,0.0
2024-08-28,49.4,1087500.0,0.0,0.0
2024-08-29,48.8,722300.0,0.0,0.0
2024-08-30,48.6,892800.0,0.0,0.0
2024-08-31,48.6,892800.0,0.0,0.0
2024-09-01,48.6,892800.0,0.0,0.0
2024-09-02,48.6,892800.0,0.0,0.965345956152305
2024-09-03,48.6,892800.0,0.0,0.0
2024-09-04,47.0,2544400.0,0.0,0.0
2024-09-05,46.05,2977800.0,0.0,0.0
2024-09-06,46.95,1277800.0,0.0,0.0
2024-09-07,46.95,1277800.0,0.0,0.0
2024-09-08,46.95,1277800.0,0.0,0.0
2024-09-09,46.45,791500.0,0.0,-0.9775912291370332
2024-09-10,46.4,1015000.0,0.0,0.0
2024-09-11,45.8,836300.0,0.0,0.0
2024-09-12,45.4,1269800.0,0.0,0.0
2024-09-13,45.8,726100.0,0.0,0.0
2024-09-14,45.8,726100.0,0.0,0.0
2024-09-15,45.8,726100.0,0.0,0.0
2024-09-16,45.0,813500.0,0.0,0.0
2024-09-17,45.0,1125600.0,0.0,0.0
2024-09-18,45.0,895400.0,0.0,0.0
2024-09-19,45.35,1416300.0,0.0,0.0
2024-09-20,46.0,1269300.0,0.0,0.0
2024-09-21,46.0,1269300.0,0.0,0.0
2024-09-22,46.0,1269300.0,0.0,0.0
2024-09-23,45.25,964800.0,0.0,0.0
2024-09-24,45.2,1181700.0,0.0,0.0
2024-09-25,45.4,1308800.0,0.0,0.0
2024-09-26,45.6,1671300.0,0.0,0.0
2024-09-27,44.95,1565100.0,0.0,0.0
2024-09-28,44.95,1565100.0,0.0,0.0
2024-09-29,44.95,1565100.0,0.0,0.0
2024-09-30,44.5,1095700.0,0.0,0.0
2024-10-01,44.5,1075700.0,0.0,0.0
2024-10-02,44.95,957100.0,0.0,0.0
2024-10-03,44.4,1303600.0,0.0,0.0
2024-10-04,45.1,2562100.0,0.0,0.0
2024-10-05,45.1,2562100.0,0.0,0.0
2024-10-06,45.1,2562100.0,0.0,0.0
2024-10-07,44.95,795900.0,0.0,0.0
2024-10-08,44.65,1700400.0,0.0,0.0
2024-10-09,44.4,1817600.0,0.0,0.0
2024-10-10,44.5,748900.0,0.0,0.0
2024-10-11,44.7,713300.0,0.0,0.0
2024-10-12,44.7,713300.0,0.0,0.0
2024-10-13,44.7,713300.0,0.0,0.0
2024-10-14,44.45,712800.0,0.0,0.0
2024-10-15,42.85,3909500.0,0.0,0.0
2024-10-16,41.85,2453100.0,0.0,0.5988324098289013
2024-10-17,42.25,1199000.0,0.0,0.0
2024-10-18,42.35,797800.0,0.0,0.0
2024-10-19,42.35,797800.0,0.0,0.0
2024-10-20,42.35,797800.0,0.0,0.0
2024-10-21,41.6,1344200.0,0.0,0.0
2024-10-22,41.8,1350000.0,0.0,0.0
2024-10-23,42.3,746200.0,0.0,0.0
2024-10-24,41.75,738000.0,0.0,0.0
2024-10-25,41.55,475900.0,0.0,0.0
2024-10-26,41.55,475900.0,0.0,0.0
2024-10-27,41.55,475900.0,0.0,0.0
2024-10-28,42.0,770900.0,0.0,0.0
2024-10-29,41.9,532900.0,0.0,0.0
2024-10-30,41.4,581000.0,0.0,0.0
2024-10-31,41.1,560300.0,0.0,0.0
2024-11-01,40.6,815900.0,0.4012359157204629,0.0
2024-11-02,40.6,815900.0,0.0,0.9119889726862311
2024-11-03,40.6,815900.0,0.0,0.038369715213775635
2024-11-04,39.9,1077200.0,0.0,0.0
2024-11-05,40.05,477600.0,0.0,0.0
2024-11-06,40.15,554900.0,0.0,0.0
2024-11-07,40.3,564800.0,0.0,0.0
2024-11-08,40.05,608500.0,0.0,0.0
2024-11-09,40.05,608500.0,0.0,0.0
2024-11-10,40.05,608500.0,0.0,0.0
2024-11-11,39.25,1218300.0,0.0,0.0
2024-11-12,39.4,730700.0,0.0,0.0
2024-11-13,38.9,965100.0,0.0,0.0
2024-11-14,38.95,867400.0,0.0,0.0
2024-11-15,38.4,736000.0,0.0,0.0
2024-11-16,38.4,736000.0,0.0,0.0
2024-11-17,38.4,736000.0,0.0,0.0
2024-11-18,37.7,964100.0,0.0,0.0
2024-11-19,38.3,636100.0,0.0,0.0
2024-11-20,38.6,443300.0,0.0,0.0
2024-11-21,39.05,416500.0,0.0,0.0
2024-11-22,39.15,309800.0,0.0,0.0
2024-11-23,39.15,309800.0,0.0,0.0
2024-11-24,39.15,309800.0,0.0,0.0
2024-11-25,39.4,368000.0,0.0,0.0
2024-11-26,39.25,524700.0,0.0,0.0
2024-11-27,39.1,259900.0,0.0,0.0
2024-11-28,40.0,1179100.0,0.0,0.0
2024-11-29,40.0,462600.0,0.0,0.0
2024-11-30,40.0,462600.0,0.0,0.0
2024-12-01,40.0,462600.0,0.0,0.0
2024-12-02,39.75,601800.0,0.0,0.0
2024-12-03,40.0,762700.0,0.0,0.0
2024-12-04,40.3,651300.0,0.0,0.0
2024-12-05,40.6,716100.0,0.0,0.0
2024-12-06,40.45,787600.0,0.0,0.0
2024-12-07,40.45,787600.0,0.0,0.0
2024-12-08,40.45,787600.0,0.0,0.0
2024-12-09,40.15,573300.0,0.0,0.0
2024-12-10,40.3,284700.0,0.0,0.0
2024-12-11,39.9,546600.0,0.0,0.0
2024-12-12,39.4,842600.0,0.0,0.0
2024-12-13,38.7,1285500.0,0.1018909737467765,0.0
2024-12-14,38.7,1285500.0,-0.1174634862691164,0.0
2024-12-15,38.7,1285500.0,-0.12910785526037222,0.0
2024-12-16,38.7,647300.0,0.0,0.0
2024-12-17,38.9,438400.0,0.0,0.0
2024-12-18,39.3,791700.0,0.0,0.0
2024-12-19,39.4,776300.0,0.0,0.0
2024-12-20,39.0,592000.0,0.0,0.0
2024-12-21,39.0,592000.0,0.0,0.0
2024-12-22,39.0,592000.0,0.0,0.0
2024-12-23,38.75,526800.0,0.0,0.0
2024-12-24,38.45,603500.0,0.0,0.0
2024-12-25,38.6,740200.0,0.0,0.0
2024-12-26,38.45,756200.0,0.0,0.0
2024-12-27,38.5,1059900.0,0.0,0.0
2024-12-28,38.5,1059900.0,0.0,0.45487899892032146
2024-12-29,38.5,1059900.0,0.0,0.9513780863489956
2024-12-30,38.2,613600.0,0.0,0.0
2024-12-31,37.5,710600.0,0.0,0.0
2025-01-01,37.5,710600.0,0.0,0.0
2025-01-02,38.15,546600.0,0.0,0.0
2025-01-03,38.45,786900.0,0.0,0.0
2025-01-04,38.45,786900.0,0.0,0.0
2025-01-05,38.45,786900.0,-0.3416527894635995,0.0
2025-01-06,38.35,671000.0,0.9002849941607566,0.0
2025-01-07,37.9,859500.0,0.0,0.0
2025-01-08,38.3,914900.0,0.0,0.0
2025-01-09,39.0,1723700.0,0.0,0.0
2025-01-10,38.1,715700.0,0.0,0.0
2025-01-11,38.1,715700.0,0.0,0.0
2025-01-12,38.1,715700.0,0.0,0.0
2025-01-13,38.9,988600.0,0.43217463940382006,0.0
2025-01-14,39.75,1717100.0,-0.04433076365967281,0.0
2025-01-15,40.0,1316400.0,0.1987223179079592,0.0
2025-01-16,40.0,1053800.0,0.0,0.0
2025-01-17,40.0,771900.0,0.0,0.0
2025-01-18,40.0,771900.0,0.0,0.0
2025-01-19,40.0,771900.0,0.0,0.0
2025-01-20,39.85,402200.0,0.0,0.0
2025-01-21,39.85,873000.0,0.0,0.0
2025-01-22,39.15,873000.0,0.0,0.0
2025-01-23,39.6,505800.0,0.0,0.0
2025-01-24,39.5,570100.0,0.0,0.0
2025-01-25,39.5,570100.0,0.0,0.0
2025-01-26,39.5,570100.0,0.4696710871066899,0.0
2025-01-27,39.5,570100.0,0.0,0.0
2025-01-28,39.5,570100.0,0.0,0.0
2025-01-29,39.5,570100.0,0.7465890219124656,0.0
2025-01-30,39.5,570100.0,0.42638248903676873,0.0
2025-01-31,39.5,570100.0,0.4230485676477353,0.0
2025-02-01,39.5,570100.0,0.6517662899568677,0.0
2025-02-02,39.5,570100.0,0.5414867770159618,0.0
2025-02-03,39.3,540700.0,0.0,0.0
2025-02-04,40.0,946300.0,0.0,0.0
2025-02-05,39.9,623200.0,0.0,0.0
2025-02-06,39.9,601300.0,0.0,0.0
2025-02-07,39.85,734700.0,0.0,0.0
2025-02-08,39.85,734700.0,0.0,0.0
2025-02-09,39.85,734700.0,0.0,0.0
2025-02-10,40.4,2002500.0,0.0,0.0
2025-02-11,41.2,2096000.0,0.0,0.0
2025-02-12,41.35,1136400.0,0.0,0.0
2025-02-13,42.0,2400000.0,0.0,0.0
2025-02-14,42.35,2154600.0,0.0,0.0
2025-02-15,42.35,2154600.0,0.0,0.0
2025-02-16,42.35,2154600.0,0.0,0.0
2025-02-17,42.05,2503600.0,0.0,0.0
2025-02-18,42.6,1697200.0,0.0,-0.1662980392575264
2025-02-19,43.2,2234800.0,0.0,0.0
2025-02-20,43.1,1277000.0,0.0,0.0
2025-02-21,43.2,1857100.0,0.0,0.0
2025-02-22,43.2,1857100.0,0.0,0.0
2025-02-23,43.2,1857100.0,0.5197107986896299,0.0
2025-02-24,43.0,1506700.0,0.5915016548436447,0.0
2025-02-25,43.3,1837800.0,0.6482418236322701,0.0
2025-02-26,43.25,1081700.0,0.0,0.0
2025-02-27,42.95,1384900.0,0.6717087440192699,0.6921617407351732
2025-02-28,43.55,1736700.0,0.3710282198153436,0.9565428043715656
2025-03-01,43.55,1736700.0,0.0,0.0
2025-03-02,43.55,1736700.0,0.0,0.0
2025-03-03,44.2,2398400.0,0.0,0.0
2025-03-04,44.5,2099000.0,0.0,0.0
2025-03-05,43.75,1231500.0,0.0,0.0
2025-03-06,43.65,2031600.0,0.3167635189602152,0.0
2025-03-07,42.85,3052600.0,0.6692145811393857,0.0
2025-03-08,42.85,3052600.0,0.0,0.0
2025-03-09,42.85,3052600.0,0.0,0.0
2025-03-10,43.0,2077400.0,0.2831205547166367,0.0
2025-03-11,43.3,1582300.0,0.0,0.0
2025-03-12,42.9,1183400.0,0.0,0.0
2025-03-13,41.7,2540000.0,0.0,0.0
2025-03-14,41.4,1679700.0,0.0,0.0
2025-03-15,41.4,1679700.0,0.0,0.0
2025-03-16,41.4,1679700.0,0.0,0.0
2025-03-17,41.45,1372100.0,0.0,0.0
2025-03-18,41.7,1315700.0,0.0,0.0
2025-03-19,41.5,676100.0,0.0,0.0
2025-03-20,41.3,859000.0,0.0,0.0
2025-03-21,41.3,1180400.0,0.0,0.0
2025-03-22,41.3,1180400.0,0.0,0.0
2025-03-23,41.3,1180400.0,0.0,0.0
2025-03-24,41.25,617200.0,0.0,0.0
2025-03-25,40.95,1756600.0,0.0,0.0
2025-03-26,41.15,792100.0,0.0,0.0
2025-03-27,40.95,792100.0,0.0,0.0
2025-03-28,39.8,1649600.0,0.0,0.0
2025-03-29,39.8,1649600.0,0.0,0.0
2025-03-30,39.8,1649600.0,0.0,0.0
2025-03-31,39.55,1019000.0,0.0,0.0
2025-04-01,40.3,565000.0,0.0,0.0
2025-04-02,40.2,349700.0,0.0,0.3284198362380266
2025-04-03,37.4,2805800.0,0.0,0.0
2025-04-04,35.7,4400600.0,0.0,0.0
2025-04-05,35.7,4400600.0,0.0,0.0
2025-04-06,35.7,4400600.0,0.0,0.0
2025-04-07,35.7,4400600.0,0.0,0.0
2025-04-08,33.25,1900200.0,0.0,0.0
2025-04-09,30.95,2654100.0,0.2426825284492225,0.0
2025-04-10,33.1,41400.0,0.13044627476483578,0.9759210855700076
2025-04-11,35.35,3676400.0,0.5653575814794749,0.0
2025-04-12,35.35,3676400.0,0.5002791956067085,0.0
2025-04-13,35.35,3676400.0,0.5632389006204903,0.0
2025-04-14,34.85,1580500.0,0.4443157520145178,0.960562264546752
2025-04-15,33.6,1652500.0,0.0,0.20046407729387283
2025-04-16,33.0,1204700.0,0.0,0.0
2025-04-17,33.85,801800.0,0.0,0.0
2025-04-18,34.0,607000.0,0.0,0.0
2025-04-19,34.0,607000.0,0.0,0.0
2025-04-20,34.0,607000.0,0.0,0.0
2025-04-21,33.8,417900.0,0.0,0.0
2025-04-22,33.1,1192700.0,0.0,0.0
2025-04-23,33.45,794900.0,0.0,0.0
2025-04-24,33.65,934400.0,0.0,0.0
2025-04-25,34.25,1458100.0,0.0,0.0
2025-04-26,34.25,1458100.0,0.0,0.0
2025-04-27,34.25,1458100.0,0.0,0.0
2025-04-28,33.8,607800.0,0.0,0.0
2025-04-29,33.9,356900.0,0.0,0.0
2025-04-30,33.9,356900.0,0.0,0.0
2025-05-01,33.9,356900.0,0.0,0.0
2025-05-02,33.9,356900.0,0.0,0.0
2025-05-03,33.9,356900.0,0.0,0.0
2025-05-04,33.9,356900.0,0.0,0.0
2025-05-05,33.65,657900.0,0.0,0.0
